NB,KNN,KNN_ADWIN,VFDT,HAT,HATT,ARF,OB,OB_ADWIN,LB,AdaBoost,AXGBoost_push,AXGBoost_replace,NC,SWT10_KNN_ADWIN,SWT10_VFDT,SWT10_HAT,SWT10_ARF,SWT20_KNN_ADWIN,SWT20_VFDT,SWT20_HAT,SWT20_ARF,MV_2,SES_05,ARIMA_212,SARIMA_212,ARMA_22,SWT01_HAT,SWT11_HAT,SWT21_HAT,SWT02_HAT,SWT12_HAT,SWT22_HAT,SWT01_ARF,SWT11_ARF,SWT21_ARF,SWT02_ARF,SWT12_ARF,SWT22_ARF
0.5853373166908504,0.5981334574835138,0.5953199634863714,0.2552732812101852,0.259153895334244,0.3136341693488031,0.4502186902562194,0.2567447125338133,0.2583706248322076,0.3960651937298095,0.4160905468606767,0.1930549932190889,0.2122571633614848,0.7028402165377253,0.6618892754306592,0.3847238489791279,0.3950733774009046,0.4886355868365512,0.5931406793777537,0.4262772462711391,0.4176347601551679,0.6829991816615063,0.692709904231084,0.6860018675956899,0.4709857266368093,0.5475879926750682,0.5707073882399324,0.2699793685480492,0.3547534890997858,0.4098046881497547,0.2652089930254913,0.35248601018691483,0.4181879168507149,0.44241912917719023,0.6237223225552395,0.6296286818883843,0.6169259709246269,0.5985026147641431,0.6809683168507478
0.6819715192240512,0.4745151100147258,0.4725586680272656,0.6104206903571259,0.5327677703119402,0.6229499610425769,0.5949518945010943,0.5759477702623881,0.5792724592010533,0.4684099473232148,0.5034501109389915,0.5540703587157833,0.6129199624496999,0.6878103337520083,0.67188999153982,0.6315263851150064,0.5892690963147712,0.6996726960214918,0.6462806155443488,0.6581609365200157,0.6250317413420385,0.6938484414734456,0.6966038754432979,0.6872449352838595,0.5927573094307252,0.6173826981612585,0.5794433720185005,0.5154489079862113,0.658568156665897,0.6355744042421575,0.5957024659667122,0.5079738702068404,0.6162654562709575,0.6601699123904238,0.6893253246002795,0.6919285595359796,0.6502485471985523,0.683798252280239,0.7065632457925853
0.4088032742843148,0.6187098174707935,0.6205867696640924,0.7003496415845414,0.6635178240568915,0.5313734391141862,0.6288071964977469,0.7605378780668537,0.7800600204987018,0.5007889961038016,0.6917906435818434,0.5526790600348883,0.614731256893726,0.6518067656566131,0.6833016701417891,0.5791476368267962,0.5316922950925577,0.7504678997396768,0.6576684858442656,0.6095537239707499,0.6353284724340202,0.7420412570206191,0.6519783859776346,0.6507441850708179,0.5829433077945065,0.5757876355326785,0.4949206255212221,0.645915196028847,0.6004746867616706,0.5926192738340325,0.6808362420299721,0.491344086512217,0.5496762252538724,0.7048956532518065,0.6977814343898536,0.7162586577951521,0.706363427075613,0.7100103007493151,0.7334343181388807
0.6484434042748296,0.5067742157468559,0.5171984050346645,0.4342005419911355,0.5103164754102979,0.5648256384146809,0.500959410045988,0.5338943920113575,0.4911423989943439,0.4058305595668617,0.4760518918945887,0.30384350018483,0.3641973176871951,0.6271993809723997,0.6135678665098843,0.5402076098949813,0.4205465019021098,0.6614636515482007,0.5370526614528159,0.4957392638028087,0.5136629103675168,0.6401918220732392,0.6243408444660284,0.6313127094725037,0.5046956313863994,0.4965977003531271,0.3564832990008926,0.41438475571677635,0.5978882717123344,0.5329476714621932,0.5547901938958193,0.4485215343562393,0.41851922952715637,0.5968146352498062,0.667154579388241,0.675847153613989,0.6060280058974236,0.6450423622486042,0.634727613888608
0.0574257425742572,0.4953901026501521,0.4805964245458555,0.5531318389031445,0.3379239036133169,0.5698397997103495,0.5112048448157942,0.471546156890434,0.37599432358216,0.3952054110253697,0.4558892605756884,0.3549215746887695,0.4258747792360489,0.6318616477322789,0.5976905348259036,0.5352154817172853,0.4167672767632539,0.623953536233952,0.5816818978332781,0.5318449427693037,0.5034299693172164,0.6558529216385354,0.6210805737572963,0.622875067916546,0.5233912190690416,0.4953274290357188,0.4992799811720942,0.37409917982588,0.6118681885232703,0.5205895480874715,0.41589297261511915,0.36776725544292405,0.35913032538019235,0.5620548151512035,0.6739111778169861,0.672369617226356,0.6118812050032412,0.6690259440750759,0.6872588190718436
0.569252935001583,0.422352512991865,0.4294718908318165,0.8231004253844925,0.6400659866057233,0.7973412879591347,0.6405857798998691,0.8280570120525509,0.7508697780073218,0.5659582264135364,0.7449016059381746,0.4429287348724356,0.4906427781834331,0.5507405921391755,0.5461165640467305,0.5130937223750351,0.4932392307270114,0.6999389000013733,0.5120659776896673,0.5412946242752141,0.5745479341225262,0.6482979983203949,0.5525369161311662,0.5457375580678491,0.4290027000986285,0.4051925873060774,0.3430894074266407,0.6023795095366596,0.5642873422672642,0.5501460033531775,0.6603545316425894,0.46147870385138495,0.49596108758070095,0.6625835455910019,0.6222257985348718,0.65503064143271,0.6292242260268536,0.6354830653166521,0.6392701278988348
0.8452667535849185,0.4953490615006087,0.4919140359023227,0.8645451252343033,0.7748160644876902,0.8645100378821912,0.8703991468018973,0.8979158060919822,0.8963214868812811,0.7815206581379115,0.8949737069455385,0.7062944258283166,0.695033196416824,0.5864820240358716,0.6518542707916827,0.5761036100483944,0.6118293895178762,0.8250239064993989,0.6359084364147755,0.6403956979218639,0.724859807383962,0.8280247344617198,0.5843703747019863,0.5808503883097321,0.4650050842932599,0.4712663763085619,0.3950127953818191,0.724889192808009,0.6517956318503414,0.6145026150793056,0.859477511292843,0.638880394342429,0.6071835409149536,0.79309409605494,0.7587099105454829,0.758666791111658,0.7752601230184764,0.7340459943185861,0.7531027687541954
0.6738091220238112,0.5481771124709288,0.5587708600186145,0.8184373262955701,0.6616138056069406,0.7837312946580997,0.682952446279774,0.804287652486547,0.6823727905491858,0.592836252595234,0.7793852956574904,0.644097864913893,0.6002854889460946,0.6168596576887708,0.5947576760479361,0.5380505353385765,0.5681245033547158,0.7040632880532819,0.5687713640584695,0.5294841392015368,0.6013822116418305,0.6971061512256451,0.6115032500604514,0.6151010843617039,0.5016786401882043,0.5220746028703203,0.4274067864987129,0.6544897669447722,0.6295772768879424,0.6320615001755815,0.6725127436755691,0.5508664639351165,0.5889608064330893,0.6908587368661583,0.6882200487009219,0.6890353238071943,0.6883424170616255,0.6791469101628427,0.6937465805421288
0.4160935945441927,0.4933597103682887,0.4719481494892523,0.7038884895867888,0.6032537134975293,0.6826798064909412,0.7256772077508524,0.6776868642071854,0.6752659862894783,0.7309980609706745,0.7990821990465162,0.3709406630074164,0.5386201587227426,0.5259437822766754,0.5223177737324469,0.5256396160028503,0.6749472545429895,0.6460617440559675,0.4686419903274942,0.4954087741372165,0.568297866469808,0.7105289212451417,0.5225071771366057,0.5285470305422333,0.3937190702603361,0.4098349793352129,0.2366593131853621,0.5445897388595962,0.5391068466288628,0.6184241166923569,0.664450117483101,0.6099172033513038,0.59523620016146,0.6440469358597316,0.6835856013329522,0.7070693525998011,0.654142823966343,0.6915329435015962,0.6750758266956038
0.2335055509558203,0.41719061907462,0.4086631466895326,0.7016082139275528,0.5975771321109409,0.6853758342779519,0.6178897596366569,0.6664149444199834,0.7654153218659736,0.6808318014112079,0.7687212922047805,0.530848789735105,0.553577055736535,0.5853975299000986,0.5475609570955037,0.4982883874415653,0.7328303791087799,0.615240508865901,0.5471468767428196,0.4713714700278254,0.6707346457254495,0.625411585046948,0.5905345291702881,0.581774522043988,0.4398010882651842,0.4562145759926311,0.3482212689256768,0.6094221283353566,0.6539499312061807,0.665762374985261,0.6529334141538838,0.6562358737630201,0.6361133924011229,0.6445645981691582,0.6270825101009488,0.6640415512448206,0.6367679143523983,0.6217513608597852,0.6217044114635051
0.1750178484726003,0.2891475970018947,0.2648512057333709,0.6720291964125673,0.4460396899432919,0.7438180575126219,0.5115277207866198,0.4606709649618464,0.4484436946489974,0.5901683425219603,0.6903521228971695,0.493300147704805,0.4639344949905953,0.4907913868451052,0.4414239570002741,0.421159936883191,0.4626182765125072,0.5120676636038962,0.3851260568158883,0.3382683789375941,0.4680636287239282,0.5196444774645615,0.5112748979204275,0.4879927866186647,0.3382935851963752,0.3741811036652412,0.2194978433217571,0.3806610669252839,0.4900415716953705,0.4958986383979088,0.481891202091597,0.4822321130193388,0.4661629083902902,0.4926014062718793,0.5099667172252509,0.48510031481117066,0.5068312370137857,0.4786348068264009,0.5095487329303243
0.738888186869082,0.589205933916289,0.583522568637398,0.8264054553628515,0.7342868621191035,0.7342808184305938,0.7026611138942247,0.8460143507329931,0.78291892764981,0.659080257258881,0.8194176754923909,0.4568826296269989,0.4921553013424146,0.7084631724833856,0.6709825781831558,0.5854140672324084,0.7391145942648014,0.7446057766129867,0.6187431393571006,0.7051705655365503,0.792767254060618,0.741296594813196,0.7051205462996969,0.697657095017331,0.6351091973297318,0.6150586029417413,0.4240656615234475,0.7676812718477363,0.737467073982781,0.7133229802860062,0.7699825665418123,0.7191538452788784,0.6850195768664441,0.7627569053190955,0.7384728241611489,0.7664560814508888,0.7299682406602727,0.7657507408047984,0.7787369197964901
0.476489692920925,0.4972611625904511,0.47549948167457,0.7660470016342916,0.5683548211720606,0.7543505576800016,0.6269075855011121,0.6811421847947432,0.6158082624349089,0.6618773807673768,0.8066045404384953,0.6951955802326066,0.5481042921231143,0.6843899954878039,0.6339263749317409,0.5859247764040371,0.685707149420485,0.6541251260779636,0.6348005878124778,0.5845665347975878,0.6140280029797707,0.7182072786225933,0.6943905610078305,0.688176240572133,0.6257304308444352,0.6114195007221326,0.3712487519127104,0.661024647160068,0.6243781321125401,0.6260370784569959,0.6709685238225382,0.62841898076328,0.553085585785343,0.6589663116834975,0.6896648707028888,0.6911646173001615,0.6918339154667053,0.7040410394797306,0.6908404236409353
0.3405922589682343,0.3759515289748715,0.3821536776665412,0.6785633416364307,0.5050779491230226,0.6404137716044349,0.5763211423368948,0.6716780531083264,0.4837084273588988,0.5607139394034564,0.7316098785269987,0.2635567589029704,0.3471050964057581,0.6325490545201424,0.5721614577925954,0.5679559054658653,0.5204556906364306,0.629347430902773,0.5591992690906011,0.5498438902825455,0.5635926119851786,0.6661024387901782,0.6272733066902395,0.6210721319638186,0.5345412069884125,0.5342448147843009,0.3509776297930435,0.5422624756741345,0.5816330928829874,0.4935412425420901,0.5446084207797797,0.47476271960447125,0.42662932665729425,0.6294080033414773,0.6478142178820004,0.665077598998694,0.6162130538459873,0.6478015922773123,0.6675188178014368
0.6596699593507707,0.623888512886921,0.6314028718870969,0.8226007393495799,0.7552676829407963,0.8051577401931052,0.8716066198555057,0.8082839723819694,0.7920079431559776,0.8702887501543357,0.8256423804964902,0.7450531086951294,0.8240273259167324,0.7975886214801743,0.8611965454465741,0.8023554842178495,0.8523105322629274,0.829972315279387,0.8663617399877032,0.7411137021822419,0.8328925521436066,0.8740293191014648,0.7787824016242612,0.8020542866516095,0.7178487632286649,0.7646298124901835,0.5663820210411304,0.8138416659773136,0.7507718866305978,0.7622384848894848,0.7783472243567374,0.8438029175757371,0.7280162477059836,0.7974653957374065,0.9173196413603893,0.9034301208791478,0.8328021408160188,0.8708910805923213,0.850424516949278
0.6429370354083879,0.4733800860087547,0.4583304829797565,0.7424738467120661,0.5825494842004344,0.7092302013364147,0.6666607692506185,0.7801818694440541,0.709353193705972,0.5700336420550081,0.7445328380456023,0.4906117722591274,0.5542106010042741,0.5743254087348302,0.5378259969811061,0.6324489208052961,0.6014816773875862,0.6633683527989136,0.5257242311873548,0.6082003487967558,0.6673503476417183,0.659897203556469,0.5742620034758472,0.5682594307939759,0.4585377229989612,0.5077044908116216,0.3278141636294648,0.7191762012466386,0.585788303278419,0.6433868378552774,0.6810522919102173,0.5444488481828282,0.6420449579398216,0.6813749446686354,0.6416666789966216,0.6453454279085541,0.6676935901303984,0.6511529901858369,0.6442893737827726
0.255593599915706,0.3827855652753011,0.3988453856504589,0.6940204214880442,0.486849461983324,0.6412506292176602,0.4926654032492031,0.6862257103762894,0.5118398048807289,0.5388427067440124,0.6984743240554253,0.5327238651382042,0.5486682451057554,0.5867668823393428,0.5047879682363308,0.6029976590098345,0.5409692261650378,0.5556131870090448,0.5108792380413509,0.6152239176490253,0.6315613329389603,0.6235932517689822,0.5842520403971414,0.5932151880935848,0.4389016684746107,0.4877290499133432,0.3314444307534315,0.568302894872985,0.5991072672523364,0.5931532476112267,0.5739625853241068,0.49086145700332573,0.4903126878063464,0.5795027721722806,0.6072220069939565,0.5876565619489448,0.6149188623863239,0.5921786974546888,0.5896017822311228
0.7483256873263363,0.5873834780223838,0.572790617142455,0.8826819436206659,0.770500385569009,0.7853387274761742,0.70184884029918,0.8642467327091051,0.8334396245536505,0.5924625173739777,0.8199438564442728,0.8482521360692565,0.8249445896606951,0.6598482705811126,0.6627734699608798,0.7626488027638159,0.8366752596247006,0.7379061688221158,0.5925728242249806,0.7167560618808666,0.7685874308260214,0.7338845605719345,0.6578238020641344,0.6442175781178667,0.5801603313348234,0.6292910027039953,0.5506242676608933,0.8547243647805602,0.6979620620069846,0.8238573700072788,0.859471478407885,0.7020734630134701,0.8194786823391815,0.7862985415644881,0.7215737638197884,0.7073816540927721,0.7438276731344879,0.7221203826972005,0.7526405308810336
0.3331064988091187,0.3533381405258978,0.3809228557879764,0.7121901850684773,0.518355170923078,0.7017986736826526,0.5718425329204642,0.7557416596432062,0.6712001839258019,0.605831226623884,0.7504132802953098,0.5483879912442314,0.6451370742719231,0.6844922183886596,0.5753748199248848,0.6626041002762241,0.6678067673559462,0.6345669011252667,0.5909245837960518,0.6104827914814656,0.7015132005990112,0.6909304556636556,0.6869818221855226,0.6942834394858883,0.6212794037361405,0.6402694514811975,0.4330697380045917,0.6428395701571225,0.6659623230238747,0.6957010008168424,0.6616537831238614,0.5850042061501128,0.7141476267881129,0.6355086839746659,0.6848160492108079,0.719203143607652,0.7122775319106875,0.6876838401415961,0.7146467075119144
0.3289356334206069,0.2792438786409194,0.2722565063824667,0.6628982853810982,0.5282479852670561,0.6048458336341515,0.5070388827795231,0.6335681413590937,0.5888281093495814,0.5190244506731005,0.6547276171149556,0.4784687999151268,0.5348444686896913,0.531652630923256,0.4157225905551368,0.5347045139133064,0.5863488473050855,0.494134861533031,0.4476516771235042,0.5298044101498133,0.5849004668772482,0.5537581901737776,0.5317203612623146,0.5287566870997418,0.4107251505855599,0.4259435610507352,0.3489303361885544,0.5203012033254397,0.5099114256262992,0.5689570271911485,0.602826420570418,0.5314468083199955,0.5823951030418762,0.537764449941194,0.5109729640321415,0.5477324688296143,0.5320515722523412,0.5159182061942127,0.5535258651636185
0.0941747220032388,0.3480399931314878,0.3182724812933571,0.661492888684539,0.4456443383213125,0.5031206179813477,0.4116970094479995,0.6266530816158438,0.3702251322065741,0.5162342067485974,0.7067810257366753,0.4336163797566276,0.4733764808138609,0.6125115423700807,0.5555519304117716,0.5630366839120465,0.5090389696998903,0.5401457268283899,0.5744679241900033,0.6014343173063269,0.6025936535317994,0.5613938216259368,0.6281416272657516,0.6120911327982744,0.5043435912549328,0.4746032334661826,0.3971137330950524,0.5488142799746302,0.5557383541401986,0.481022786861781,0.5044016484299814,0.41340402788341046,0.4004646089981193,0.49942537632850403,0.5967244115138254,0.595719463414027,0.5719451719194953,0.5937718883343792,0.5949811283087723
0.6332933651302157,0.5089211851212052,0.51109156871632,0.7722252752693777,0.6187757704759658,0.7008203428845807,0.6973382976686138,0.7910146057411811,0.7367384539099902,0.5986856402737234,0.7751166765803582,0.6266954382907624,0.674715714531642,0.6288997924407983,0.6230726565583323,0.6935304592545098,0.67150801834296,0.7040733436402794,0.5951821272772702,0.6412458397646266,0.693753234142145,0.6980009266371049,0.6289489915933894,0.6279474322326152,0.5475363323569417,0.560437118211076,0.4437034565177145,0.7052352922591295,0.6678983109007617,0.7090148518640078,0.6380726898807556,0.6564624866909778,0.6713744730630564,0.6861104615383701,0.6549800081107301,0.682012380068106,0.6907670296612235,0.6642831745569145,0.6730052457478253
0.8778833107191314,0.7024828609074831,0.7222343033804153,0.880077912837627,0.771208152858603,0.8235022356009674,0.7342603770286106,0.8200022676102678,0.8107056226383493,0.6261884703909557,0.8018202092666605,0.7580270285511148,0.8233596521369408,0.5910718060826005,0.6312279815793825,0.675470578422995,0.7078346012359963,0.7500664997442335,0.5847465791915378,0.6412858635523412,0.6200117768260233,0.6490779824529677,0.5947607454216721,0.5982753608614919,0.5001778931443125,0.523496499862943,0.4282156857751144,0.8434007817281912,0.7162183128952504,0.725001450661298,0.631860165221657,0.7977889162442101,0.7782904775731742,0.6839607172878537,0.6227090271106845,0.6542579903381194,0.6949107682554987,0.6394775258940116,0.6764399163745505
0.6414219474497681,0.4060598072500186,0.4313533274389703,0.82755534374297,0.5111677924687399,0.5619334858783647,0.5136368330456541,0.7584481877031537,0.5489218327850424,0.4467769291705142,0.7620012816437123,0.4705924062185673,0.4224346629741003,0.8374599847220339,0.693537928346084,0.7191260575228338,0.5323569538887523,0.6869812274218543,0.7390193669663592,0.6807008109294661,0.5957699879333115,0.7692640573304982,0.834874295334426,0.8235430707227543,0.7770401334214709,0.7863677064546468,0.7525593199930343,0.6039431440650989,0.6368461959041855,0.6046661624487927,0.3914857025903227,0.49440253149084656,0.4988138275938624,0.6148244341500264,0.7792831318297996,0.8207577682059458,0.7580783782079681,0.7936046439796816,0.8082071862208335
0.6128905458128786,0.5858130387189633,0.5717180233211012,0.8694785967364709,0.5905673923487682,0.7696465706074265,0.6138009480905116,0.8623970012435365,0.6503859230143727,0.4720186257935286,0.8385918737815032,0.4327874255344521,0.4721947970929772,0.6814119993399613,0.715684711906784,0.704981562605551,0.6198444269462998,0.6784760889112861,0.6989995923255808,0.6006194666787701,0.6172100882904312,0.7063943628409804,0.67775590022378,0.6782488918629468,0.6318528282632052,0.6568615885842461,0.5634691345870945,0.7164868731933169,0.6639690826481195,0.5989862222157625,0.48935772217428364,0.6997731199050874,0.6120065860569109,0.6489064464597314,0.669118071679782,0.6784097997731673,0.6719565012995486,0.7012950775521117,0.6904420187094203
0.6752832606370427,0.5754890249427422,0.5765908832459306,0.8249445518217158,0.7633880603217718,0.8486202177140859,0.7236516033875013,0.8172448496448345,0.7322469964607252,0.5766479865688472,0.7864127649150892,0.6232267768809068,0.6434244468737682,0.6814667259518794,0.6544243659607043,0.7345607095471316,0.7225956532849305,0.7294339110632528,0.6756771195263989,0.6819605800351543,0.7405525943190844,0.7299978871715483,0.6756196142560157,0.6759848464242826,0.6363843418779564,0.6526322315411253,0.5229762776771769,0.7924563737130889,0.7341678000982106,0.7397509707711265,0.6783834873272429,0.7596885718411646,0.7369187250761835,0.7016355684736855,0.6703626569438683,0.7189608372086831,0.7209496177294111,0.7056877779509985,0.7031211040953382
0.6408057335019757,0.5755478716579274,0.5768620215518082,0.828305239094995,0.7576270601165476,0.8270160853151436,0.6915316563568565,0.8274019227037186,0.7393458831271341,0.5183832926501959,0.7762638605636337,0.6958939997799193,0.6731106484800875,0.6002362809335743,0.6243520633187464,0.6963478968736148,0.7371579313493231,0.6940523848744148,0.6210800261211608,0.5981019795174882,0.6927364269423109,0.6705772370181451,0.5900382027149632,0.5935640241312241,0.5361163086804013,0.5375893867794606,0.3244464280957071,0.7141211258520456,0.7186185420356062,0.6775005236254484,0.7055497672148695,0.7108207503206291,0.6815562338507928,0.6831830356153572,0.6112672565002498,0.6459234542952965,0.6655209718626601,0.6513363098424182,0.6392005352965288
0.6133443846339388,0.6404723543596754,0.6475811634997467,0.825280194388181,0.6507805659086585,0.8948426151229869,0.7740533941838275,0.865060765405033,0.7989596229039886,0.6524235738661964,0.8542666325021777,0.6925546190521301,0.7323741756450927,0.5992672874535405,0.6321354523057224,0.6779984494223784,0.7391710248286996,0.7380601659307586,0.6004835843329147,0.6370796818531818,0.8219734780698686,0.6996438500670561,0.5883424160388638,0.6108083990380565,0.5296422517524382,0.5189347182229113,0.391789292954254,0.5529777126083575,0.6891965675892806,0.6630036468123286,0.7899702213422479,0.7117630485543819,0.6667696636585875,0.6931882708266298,0.6299221843270943,0.6526861541885662,0.709223682199742,0.6798098210195962,0.6522301412479502
0.4198418725152989,0.5635537147669354,0.5630274040669241,0.6654535254985199,0.5163254734238135,0.677503795323867,0.5700956647923301,0.650175473672511,0.557363398174348,0.4367115845427815,0.6807228574541873,0.4632217327854964,0.5039890128116812,0.6890904779623688,0.6452074281278792,0.6113174142708849,0.6062889268954654,0.5636648497232692,0.6415581151370726,0.6693606679564572,0.6323232256455518,0.6095338581063354,0.6732830687841699,0.6846540909752507,0.6261858790476506,0.5988696606728426,0.5314971980855219,0.5723996686900883,0.5662520393070863,0.6341464641698467,0.5877574129239369,0.5774858918064979,0.6155100310322706,0.5573562271180792,0.6219879947621958,0.633111713472079,0.5830822127351061,0.6142588200336558,0.651717291620179
0.3784839665825711,0.5753483096459294,0.5878662885252991,0.7392807209805103,0.6192596491444727,0.7706663561415377,0.7152420678340892,0.8183405417931022,0.7111821695628013,0.5844549490152954,0.7920851284766502,0.4732498948612596,0.490881387463439,0.631559080479937,0.61097997387009,0.6513078062234562,0.6426706877184161,0.6941097496841437,0.5844984543466685,0.6589005020180787,0.6793636352713465,0.6866594832498618,0.6354266962274009,0.6352661385326586,0.5478902204812164,0.5578443628069514,0.3669302538953449,0.6360011171022948,0.6086942821139117,0.688200057103272,0.6990835559730529,0.6875050965523645,0.7046144116143982,0.6573646892252213,0.6486822947786971,0.6579316947776139,0.6769260378030253,0.6332748291229089,0.6533775758408815
0.0899636624857698,0.6396910367373818,0.6377090199967564,0.7306054022661803,0.5427314802802706,0.6510961431550537,0.6251910825914896,0.7180479055438865,0.584044263048873,0.4587471421253378,0.7269443314937435,0.4235591728837765,0.4697323826832132,0.7020143211067978,0.6470176399776881,0.6714394189233447,0.5657869924261403,0.6768058415456646,0.6461994842875238,0.7018573132350402,0.6493757423935612,0.698416796009833,0.7078803209093385,0.7029849621675648,0.6569355550446655,0.6587129198541269,0.5677270370832492,0.5753425965655208,0.6595932684688813,0.5825309973427035,0.5301645724394287,0.6109550591229075,0.5946691786748706,0.64188802011204,0.6847680181530006,0.7142014145058116,0.6849175748390902,0.6656769704414829,0.710741960982588
0.124609980603401,0.7374906301297358,0.7344524780088191,0.6597644218502136,0.5983559532510034,0.68770869243716,0.7124568386179573,0.7321807647117317,0.5292879356326636,0.4708712329527113,0.7149774151907827,0.4724138658031706,0.3921689535108191,0.8007934269771205,0.8046153624953607,0.7677429452740011,0.633872272671265,0.7251002914057642,0.781780779481098,0.7849129504972059,0.7187633614141462,0.7415124394100077,0.8010912217823289,0.7965604324906439,0.7579870288874342,0.731679847771777,0.7175764050385894,0.5852060568781381,0.7242538556492402,0.6402144915883546,0.5533039384270826,0.5827981815059802,0.38459576088502706,0.7247907295128804,0.7484517834495262,0.7957532428028491,0.7961637375171291,0.7666616709006938,0.7769744444598611
0.3177695934339016,0.331458876687654,0.3305161243002826,0.7916775582162426,0.7099793803915408,0.7272715552587535,0.5864004628120434,0.7629793444147475,0.5476313715522119,0.4188796037830316,0.6879670791155584,0.5534918795542713,0.6606897443136149,0.5253446450768098,0.480214483787439,0.5648711677208259,0.6479088648699027,0.5966294176635557,0.4473862253475471,0.5499547493736613,0.682347024000155,0.5701110085630194,0.5145960162757495,0.5279118568171268,0.3648220772246394,0.3661108548310622,0.2416510090865885,0.6847825797349595,0.5736896425730628,0.6499332631080206,0.6787929461024355,0.7026030551993414,0.7026771384847816,0.514763652096431,0.5520462423854374,0.5135659266235838,0.6020310547906531,0.533355789350359,0.525780100448648
0.6033898048150578,0.6895116344356207,0.6853147701860587,0.6545209410952154,0.5237336368024024,0.6049676161668506,0.6757408779312432,0.6867213887110075,0.5291828322931619,0.5380069475129582,0.6556451166214007,0.5554327361607068,0.5466495529064717,0.731077395927238,0.7337161674739264,0.6748559258821647,0.541482151843864,0.6909993994672503,0.7281356923769291,0.6539870752524697,0.6986386589884026,0.7297334817640506,0.7311858748455751,0.7487542183104506,0.6477937792601001,0.6658649405658961,0.6418336202815066,0.5648173774626633,0.6930435200503915,0.6271004699673421,0.5907897573808212,0.6472425123794402,0.4620217225006199,0.6736099847810768,0.6728802437086397,0.7255059438713098,0.7327105128137612,0.7124857826066098,0.6848094251387147
0.1826489514747166,0.4650129225520187,0.4947607862200197,0.6432594552908537,0.2417028096120771,0.6829430843522754,0.3956821211080375,0.6715961327814824,0.1837623938112461,0.3350705100369994,0.7329925516019242,0.1337805876332413,0.2163476246269312,0.8330761261889608,0.6859575916170362,0.638241583033443,0.4488676533889044,0.5436537621141506,0.7590005192619541,0.6907258106611684,0.5877047728673357,0.6003390867874081,0.8270464845052594,0.8320386612098852,0.7777172313136191,0.7757480364779445,0.7491318995994246,0.6215319611459763,0.5788479184537951,0.3940154366897072,0.3464323877639098,0.4407968699569009,0.2973868014649442,0.409196217719649,0.49591954510381464,0.6648858950355898,0.5670788891278,0.7164316023583682,0.6889969803504471
0.6957788213365982,0.4827758436647943,0.4891793736519005,0.7985427550161353,0.59177177288176,0.7671101515592408,0.7731771909227613,0.8091110571115021,0.7029297574353486,0.5872524616132759,0.7274940609008402,0.5827235822499766,0.6395346064230462,0.7288859710560669,0.663847867505102,0.7330359060835443,0.6017779860023753,0.7297242828133562,0.6929433346713548,0.7208145114475342,0.7451532167592407,0.7066350692896808,0.7268431654642462,0.7252536956365304,0.6839886877700948,0.6816069183656494,0.6326724221229585,0.7010017274776321,0.7606631427268791,0.6066474453137076,0.6723358010000713,0.7577449758261017,0.5897791183689668,0.7250975904311414,0.710502106624513,0.7125467216548345,0.7106884204040863,0.708764226206251,0.714587141885042
0.7412320024771564,0.3200745245721688,0.3357126814374681,0.7513694926047702,0.668400766183338,0.71561037283942,0.7167188132232647,0.751686561078945,0.7303193097682724,0.5820359809000105,0.7281221385081394,0.7017432574493975,0.6602745979523559,0.7342730965202382,0.7168056844165835,0.7480954336198882,0.6761667810989207,0.7528104382911124,0.6839990423591468,0.7248069904220035,0.7467785867840199,0.7419676863630656,0.7311144777768679,0.7269590489198081,0.6940927846933189,0.6988206223077825,0.6143682816210421,0.6890085104215997,0.7341710411868483,0.7167908778572902,0.7468897724122467,0.7466153516715404,0.6716992745787136,0.7044382935396712,0.7184458391580091,0.7246749656172037,0.7228449852847205,0.742072384926774,0.7230968223025184
0.628374191610295,0.5516218458353717,0.5501070758349303,0.770067069146362,0.7079449564533526,0.7139179684070854,0.7339248998974722,0.7503981123418502,0.7224656085936288,0.5734043518855082,0.7111155458881981,0.6777261333222876,0.6921520021127712,0.7740756607688846,0.7362756030454565,0.7886214212871756,0.713517960868604,0.7606995524595244,0.7163041350441136,0.7408833159508387,0.7697487730842096,0.7599677348484396,0.7784900129597808,0.7751383413749362,0.7127498715098148,0.7465364781586586,0.6138638483005112,0.7029445373463086,0.795398636503826,0.7341932121782329,0.7424568074321635,0.7451892336708439,0.6785457297604609,0.7324328688387678,0.727380454254696,0.7753667337926434,0.7567717425138442,0.7542159792061661,0.7673092698071073
0.5795443720866049,0.6406471005626302,0.6386429383588131,0.7726401957602957,0.6986516089952507,0.7251286476061456,0.6919747766907407,0.75089243203308,0.5848120457330899,0.521467855224504,0.7151216254584634,0.6623864422531025,0.6748300157583965,0.7782880641391748,0.746398452543278,0.7602966538764087,0.7219555932031122,0.7437824663943537,0.7590274031883721,0.7364341431355867,0.7580982519798011,0.7402303160574879,0.7733815152514695,0.7715775395854406,0.7303576679922201,0.7414815898435337,0.6316467496291667,0.7202235506490564,0.7214804748362933,0.7152383145115812,0.7378240481935794,0.7200007487773379,0.6734173778177588,0.7133793450738748,0.7423424313823676,0.7748640343639513,0.7473451864513508,0.7670996281908458,0.7720682211374628
0.6542050292324731,0.5329665004772325,0.5334068816621904,0.7843896273871476,0.6263560206517116,0.8440261854304948,0.7597037647197855,0.8052435496425246,0.6362067231074674,0.5942778032533405,0.7943695711213393,0.5438044884584656,0.4979276271599008,0.6981405914070672,0.6673049012192813,0.7436091217324776,0.6321857083462423,0.7335746265197209,0.6527240044062588,0.7309143026469693,0.7338420288333365,0.7536994825099795,0.7041888639446253,0.699409839659866,0.621066761712697,0.615791209035829,0.4686876761083829,0.702860201194642,0.6761521979483506,0.6662587886063828,0.6199828742336997,0.6262328166006103,0.6254911404410184,0.7504692108307214,0.7286466630985632,0.7314747363679326,0.7270261456033763,0.7190491546952201,0.7315279404333455
0.1027978017959673,0.4107085283511164,0.4182055853495915,0.659041273177191,0.4962749601870239,0.6541062927959939,0.5805647862001702,0.695480632759201,0.5204945366360636,0.5303616919197701,0.6916053239452922,0.1042304406478594,0.0485993935488966,0.6689762940266026,0.6128997191852966,0.5809851809270532,0.376009430939502,0.5856242313611113,0.5949940537386527,0.6969405214994666,0.6333790415639522,0.6426897106378184,0.65810720783984,0.6631850084807602,0.5105771645251698,0.5147958851469083,0.3861667790494513,0.45246510707397586,0.5454001942617128,0.5518929932140378,0.5271174780523448,0.5367409270876173,0.33268501262049993,0.6407126108787875,0.6724853697284643,0.632182256140837,0.6281080967304576,0.639081774891227,0.6674117916948217
0.7423919902647322,0.4914030152066543,0.4833165637791516,0.7565715198665484,0.7332926003992991,0.8345778349286658,0.7456846559691156,0.8265256745490293,0.5626096426242998,0.5488972449983188,0.7815193132295646,0.6747962950984433,0.690553297379701,0.7863467273960929,0.7496126420677045,0.8029958764462318,0.6561409090724413,0.778985985789842,0.7516850349892918,0.7806891703640968,0.7581881655352554,0.8029760207583173,0.7842008983833075,0.7889472472966322,0.7480047203613875,0.715655439199318,0.6575602186929841,0.7307647046107066,0.7696227026720194,0.7472999085761177,0.6653527630334366,0.6361133822869263,0.7324520651295818,0.7592734645500447,0.7857384737607309,0.7819407973082952,0.7867196071706741,0.791755594441041,0.7589961198903354
0.2740289008371476,0.3991226855353321,0.4101636272200059,0.6608976159480748,0.5670112736345826,0.6632839919477014,0.5591457591685524,0.6762130179693122,0.3968593372166221,0.4382899991478352,0.6736509870152042,0.3726362017791,0.3124666118585343,0.6104525114090984,0.5918729781551949,0.584833794035065,0.5176931167032968,0.5963122911126412,0.5817164583773675,0.6096763426895695,0.6326037567435131,0.6065846907818937,0.6146559047272777,0.6088486942655826,0.5264047058692147,0.5178698419639799,0.4038391789253659,0.5731635790324063,0.5398908708655121,0.5729062765216136,0.4315447461108171,0.5218168228383738,0.4992164586660694,0.5682026821059222,0.6154071239433707,0.6135600183150631,0.591596079768635,0.5864307389879457,0.6309318203942124
0.3645390070921986,0.4641094531594266,0.4594236722521428,0.624176081757353,0.5061695301178732,0.6240408737619498,0.4462354489118244,0.6655542907803217,0.2035751280605856,0.3707304478539389,0.6328759701217925,0.161357314429524,0.2509183212946313,0.5492320654491996,0.544330283008424,0.5699084453531718,0.3752352524282155,0.4793379004938248,0.5450690144950598,0.5369692337592383,0.5108690033617906,0.5355430246085742,0.544681555931287,0.5324662322654371,0.4565060792470822,0.4613519133757063,0.2940939348993956,0.5418564113734068,0.47630330191084946,0.5082104612272824,0.5153427247148931,0.4377138767582851,0.4485934360013304,0.5151180552317959,0.552709492901921,0.5239693803462705,0.4750150165131525,0.5516633192491321,0.5283125662466156
0.3539518900343641,0.5767657438614556,0.5931088135699689,0.6663856132354922,0.4912632369539474,0.6966090924274828,0.6360859694759684,0.6885768094199506,0.60732303251005,0.4899677305826048,0.6501779285164314,0.2254906890818934,0.3925724425156449,0.6584207678332484,0.6865763496817516,0.6331073461507196,0.6283270951200045,0.6695907000845823,0.6726251606292152,0.6519833041115385,0.5905244519335902,0.6516278503605476,0.6531591554154625,0.6449528076742059,0.5114319872183035,0.5584416159942234,0.43955072173562,0.6436403272525941,0.5843007600803315,0.6269066412380202,0.7010220397841659,0.6478923433515884,0.6239972277620234,0.6793095723657497,0.6681949523539009,0.6877372515089236,0.6841947947463288,0.6571286763423232,0.6906857340791315
0.2897944333272694,0.5173221227273079,0.5207344539271483,0.5982758763874548,0.4631543585877702,0.5729969297444624,0.5941189062564585,0.5981882177817048,0.5499588762950463,0.4263618021204789,0.6095656982491343,0.3020668516800721,0.4082696874140941,0.5841650210822286,0.5661988081120365,0.5808457548512894,0.5820134557688219,0.6311281464608504,0.536634692711387,0.5752271231248555,0.5241820222710931,0.5970900410635378,0.5732791623198767,0.587075775366871,0.4956002492462528,0.5168593833519577,0.3465853947493659,0.6411546424800164,0.5427509990834196,0.5706414944781067,0.5272919411186812,0.5375431418143479,0.5848036377785514,0.6025482819808985,0.622146343875434,0.605750212921475,0.6343184558807876,0.6299230296558808,0.6374277099059945
0.447082298642789,0.5935869296373246,0.5960424902229111,0.701454969711748,0.5351206619643489,0.602138733701546,0.6355711398679645,0.69851203551179,0.5919565173821748,0.4405054379879191,0.671779739653924,0.4649648154721417,0.5531948946074656,0.6508386388022179,0.6852767962905183,0.6174890823408558,0.6202556447616002,0.6595634454915648,0.651658394051153,0.65452002603524,0.6113866335239558,0.6853367400321227,0.660263204424939,0.6608436602764233,0.5814976115480965,0.6056990416661249,0.393810921890218,0.678886256480166,0.6058754085422652,0.626310066593409,0.6549682054235255,0.5291104964035049,0.6087288944832778,0.637614047119669,0.6682690736458532,0.6618030185770089,0.6816138922929424,0.6966662341009189,0.6785715863494792
0.1538235258542457,0.5434094172363035,0.5090538548200677,0.4342580106026643,0.3616752498002188,0.4196430244220216,0.7126215610236405,0.7028775602165112,0.3143571305857859,0.6054310685118087,0.6489783755458142,0.5732399011065457,0.63494044440633,0.607743333328054,0.5795409262378117,0.5565004573447577,0.5476788664534976,0.679102121154153,0.5531788085533991,0.5867712650181307,0.5035299314930437,0.6675646900909682,0.6223260830362756,0.6209924561119602,0.5433829513870359,0.5297112195688201,0.2817754302886183,0.5624471678038765,0.5201782436109113,0.5116407484080052,0.5225001946560075,0.42608193095641245,0.4738731594542279,0.6874717550501709,0.6871601398191498,0.6730104368396355,0.6600879190423092,0.7074166865591672,0.6737933262799907
-0.1500003983614249,0.6872618139769542,0.6827293371021843,0.8169890569735309,0.5088827059015592,0.7088739522249605,0.7136389446535123,0.7955813684340418,0.4962532234945055,0.5967692745433055,0.7419555330822856,0.509416926682993,0.5531747758084191,0.7655636279200408,0.7437850508283588,0.53803279603945,0.6214421447836193,0.7619900940989728,0.7148386819525732,0.7064193465699209,0.7075013667874473,0.7611769900970307,0.7698071230430592,0.7585473491892956,0.7162511624217371,0.7288697939451312,0.6297530930677226,0.7747362597956643,0.5991663322699716,0.6092707160820664,0.7952554795105875,0.5806084335940698,0.2796739337961388,0.7414425672005693,0.7951685457080776,0.7737885496545649,0.787128632772603,0.7493442803250892,0.7488409413162195
0.2424468360065438,0.7046250887014114,0.6923159051663186,0.6951364355229404,0.5858054262824217,0.7662440089047167,0.7367408916688307,0.7248081053585939,0.6574957733744824,0.6275799566667507,0.6277995430002765,0.5381823895402854,0.6097439146363757,0.749266662307745,0.7500917116011344,0.4912009397437146,0.5932722771601571,0.7373867798320325,0.7167155672153577,0.5941416873512733,0.7113690825843275,0.7535011692818354,0.749194117242282,0.7511254494815972,0.7427975595922651,0.7173967543580722,0.5790484271602241,0.7158585698293425,0.6823417744662322,0.6677784814422116,0.7451098191199058,0.5342931090686399,0.3933135085916205,0.6949307104035685,0.7492153823778259,0.7412601306758658,0.7822124199887164,0.7368932901196682,0.7534145810213095
0.1916666666666666,0.6208333333333332,0.6208333333333333,0.7166666666666666,0.6333333333333334,0.6583333333333334,0.65,0.7291666666666667,0.7708333333333334,0.65,0.6750000000000002,0.6083333333333334,0.5583333333333333,0.6875,0.6,0.5958333333333334,0.7041666666666666,0.7041666666666668,0.6291666666666667,0.7000000000000002,0.7416666666666668,0.7833333333333332,0.6916666666666667,0.6799290533932949,0.5747501904455832,0.557851940177325,0.3696782532805479,0.7875,0.6416666666666666,0.7166666666666666,0.8166666666666667,0.6583333333333334,0.5875,0.7375,0.725,0.7083333333333334,0.7541666666666668,0.775,0.7125
0.533245930437476,0.7185540711626764,0.7428511675203523,0.7702593340633774,0.7145815758904611,0.826690299702855,0.7953353105948261,0.7899455237817871,0.8255017955694196,0.6182331468383159,0.8035341713039971,0.6731782294480987,0.6999604069334717,0.7218017206628436,0.7351289942627,0.6347616397322728,0.7881688257085014,0.7886918222234794,0.7221382620603458,0.7806122291107207,0.8645436299393999,0.8017109889369045,0.7164743925231154,0.7281404511966701,0.7041528475861517,0.6753118154188147,0.4678227571159816,0.8301538378475749,0.7301856451342038,0.7983085735529257,0.7949315560740171,0.7694675786511789,0.7617502813679445,0.7974158794309216,0.7504785978151451,0.7910388349378532,0.79916732916665,0.8015630271311615,0.8005521178706649
0.3116341368138261,0.635909485701182,0.6306404620322722,0.6544734515810944,0.6003720995092913,0.5758422803831271,0.7207793884337264,0.7131768696055455,0.6322767731429989,0.6486826794015625,0.7232749289255432,0.5959271201568288,0.633657942904754,0.6905279674202088,0.7001185548265126,0.5941333475216606,0.6815188660936808,0.7039997620946206,0.6649708020063245,0.6389010835317348,0.6982457343522428,0.711151112483373,0.6907950620794284,0.6856204541266547,0.6396799866982692,0.6483013371021864,0.3146548019260257,0.6514312063047974,0.653530288768936,0.7014880455306887,0.6609603610937664,0.683249776536267,0.6837661250551149,0.7147675410059305,0.7047314944620366,0.6983841464180115,0.700831634524915,0.7134030233899858,0.7356012972783421
-0.0338694620350784,0.7151801930570116,0.7070948741602978,0.572873245847607,0.3440936518828104,0.3786119869393679,0.6927637818399344,0.665903328262204,0.3200956826332788,0.7013600141215394,0.6012431244081375,0.3572216904592344,0.3109399067745529,0.6957211291420631,0.7464761245868375,0.5918523497591812,0.6501585129232855,0.6914800948470539,0.7086808980342891,0.5982386176086651,0.5580571159377581,0.6964812460134282,0.7079438409260934,0.6978765961935147,0.623589415880626,0.6366079972243213,0.543276110518718,0.4694292033352342,0.6065808945493357,0.6579891568847709,0.5983382757635856,0.6355860087385231,0.654222214623559,0.7379659568930643,0.7203587824630757,0.7106232604684617,0.7190067059060787,0.7077886561566793,0.7533977917070042
0.2800049223952026,0.6176766313048221,0.6219256108588344,0.645036701387063,0.5216746663506718,0.5009261061439803,0.6949084553734224,0.6642977538931456,0.5719163490424444,0.6278346187352855,0.6732799189779282,0.4264357094049351,0.5698728353930651,0.6723099937815826,0.7065219497680303,0.6380421658235929,0.6372474554971121,0.6803715326256299,0.6924008441843542,0.6779631805719587,0.6720759543718641,0.7164415896059454,0.6668042696909162,0.6711820492719882,0.5851472552634668,0.60383178860022,0.2703601633130748,0.6059162237705006,0.5963730182976696,0.6109383696574774,0.6596964227879087,0.6736051896810606,0.5275958773285655,0.712001858959577,0.7291532712715939,0.7193048502304334,0.682682478772749,0.7125638794744387,0.7034506062895052
0.4398689428199542,0.6786185418521997,0.6855244132926377,0.5978428003916936,0.571776446572225,0.6429598467594368,0.778795748716797,0.7019431713738863,0.6095818328687785,0.6820354177129984,0.7042083624206741,0.4836407204224466,0.7002840851036582,0.6798618628670982,0.6728166951856537,0.7056144508815023,0.650259378699731,0.776421415971897,0.6802622145698158,0.6999221911577318,0.6757055124548103,0.7926755775695304,0.6758804520381742,0.6693239166987934,0.6413695315004988,0.664201339200676,0.3008247288318937,0.5905263885726344,0.6857624744858108,0.6460093888058696,0.5859976785641392,0.6574365186530058,0.6264680103338318,0.7673749985631849,0.7869007160797101,0.7902973362523029,0.7671753040463386,0.7776984959390856,0.7970216225180152
0.4979166666666667,0.70625,0.68125,0.70625,0.6770833333333334,0.7104166666666666,0.7479166666666666,0.6875,0.6604166666666668,0.725,0.7375000000000002,0.5666666666666667,0.7000000000000002,0.7645833333333332,0.775,0.7604166666666666,0.6916666666666667,0.7770833333333333,0.7708333333333333,0.7833333333333334,0.7395833333333333,0.7770833333333333,0.7770833333333333,0.7759267339478549,0.7361239310796073,0.7486936219064335,0.6773634099935995,0.7270833333333334,0.7270833333333334,0.7395833333333333,0.73125,0.7145833333333332,0.7104166666666666,0.75625,0.7854166666666667,0.8166666666666667,0.7895833333333334,0.81875,0.8291666666666666
-0.1319089450564768,0.599677112201632,0.5899012767219476,0.5741203685385217,0.4741699693653666,0.3999802922176323,0.6424302211105895,0.5841834178777339,0.4847830268926534,0.6541302157581074,0.5846107932983917,0.4555626638178173,0.2949177838574958,0.6261286192549086,0.6310842410468934,0.6242639320867693,0.4858096818076781,0.7017047872456422,0.641718512067454,0.5870913273591156,0.5884127634965115,0.662447006479064,0.6182674016940022,0.6396248069639467,0.5572605149961842,0.592894925235268,0.5106037050709368,0.5734222247484102,0.5290539812655285,0.619942997856092,0.5388568016938041,0.5923624194940258,0.5662712269531528,0.6403312044517785,0.6254533087609826,0.6657216644271788,0.666153449427299,0.6654596425848179,0.6582146445770322
0.0718082033506643,0.3124260949395762,0.3095991148122692,0.6485089486364004,0.313846916845358,0.1723723866625627,0.4146649627354055,0.6299776126407866,0.3278934129377758,0.6526089249878048,0.5764062428088268,0.175229988183296,0.152655091014559,0.6344120151781684,0.526991154388316,0.575100555253387,0.5038566587328169,0.4317988176438451,0.634923137677809,0.6469956758181616,0.6662911429602192,0.4938839260025879,0.650927817016539,0.6267435972734255,0.5484831018142668,0.610819651826721,0.4308932186780329,0.5048989577138838,0.5356051872890047,0.5994194897402803,0.6570938420945769,0.5402481578381773,0.49350231898524377,0.44155717679936207,0.45286954209578595,0.4207270119056307,0.432738782333775,0.4576007281265057,0.5171243250082467
-0.0096971973154813,0.468424306894715,0.4699139404059869,0.5216652938379706,0.3413653264166432,0.2337943246666995,0.4423880337969464,0.5588644850488504,0.2954190575092117,0.6044703362628878,0.5940958999552756,0.2236204900904762,0.1935063936615071,0.5543641170069727,0.4919090666463557,0.5349251346130685,0.3360002551422641,0.539404461757014,0.5073033320357906,0.5754423081819414,0.4060979508776009,0.5410804126523111,0.5496605916983957,0.5564793164963355,0.4538119592849173,0.4836495875013519,0.3185341295624245,0.4307126129793161,0.4834942096386893,0.5308174542981935,0.4545741394586506,0.5077179205438485,0.48210095630206035,0.48832196894700364,0.5325606153783735,0.5346328805051866,0.5250275495985899,0.5301995745947922,0.5950777007399882
0.1398717799925132,0.5285416545996272,0.5191051793330519,0.4968501236032798,0.3838547205290369,0.2773774392678653,0.5027362276407453,0.5024415822523387,0.3895972986443268,0.5224795811323804,0.4899479570938836,0.4283583960814496,0.3188812846127664,0.6258664960114979,0.6345166995217308,0.5333756598168865,0.4167828826249423,0.5876402769700947,0.6042890485962291,0.5363925866323941,0.5373344327728408,0.6452405587256121,0.6309082549120226,0.6278834223661695,0.5227701957923804,0.555176217737317,0.4747511990912365,0.48254457034574355,0.6141028904881113,0.6367760400105331,0.5040491718030593,0.5839980486671222,0.5694515814865921,0.5525639515161013,0.5888871473650731,0.6210685775181576,0.5881524482024612,0.6257950047309857,0.6426850612604478
0.3554818764720235,0.4141382670416993,0.4121854431607509,0.5991883133692633,0.5039127558141707,0.4426811456016352,0.6098159644834366,0.611679289619438,0.5412016640132206,0.6326959034501638,0.5918245176627094,0.5623427192069326,0.623742277093733,0.5233349516782011,0.5099305428735807,0.501633170181796,0.5461528945682587,0.6526558083785183,0.483204523557349,0.5695642459916834,0.5590702190862246,0.5968690505469502,0.5223671732264481,0.5198971004696895,0.4390889864548334,0.4475787054761525,0.2409584359793343,0.5738129582037526,0.5376548689075975,0.5668196126146078,0.5853986189955741,0.5931337397273259,0.5408478605147256,0.6131717196814715,0.5767315559354191,0.5853096632324964,0.5788964245104111,0.5945686457504811,0.6094627693058683
0.3036058375813653,0.4889891834185121,0.4648908071832164,0.6397275382608455,0.4519115785973419,0.4040468627670026,0.5673263493123162,0.6370196646790891,0.4307093141011803,0.6429060639837788,0.602600904435643,0.3679176649882354,0.4687559519444603,0.604617024751903,0.5518670745380633,0.5698757462806996,0.5351163374108826,0.6345710511601814,0.5425794291085262,0.6309427219381301,0.5714062433039456,0.635246371217139,0.59290681946224,0.6016705565725875,0.5291537340979835,0.5154824416759737,0.3949301081886905,0.5255160861337053,0.5472972597806682,0.6267160713745323,0.5839714948529282,0.6228953364519139,0.5650296839171336,0.6018087207389192,0.6105754165766585,0.6268629492661714,0.6007477140888877,0.6063074893011636,0.6577324111314284
0.0791471962053712,0.6570611320282388,0.6524477822851578,0.5303671293895814,0.3503747880810653,0.2123545567263102,0.5472464128967528,0.5218813012912825,0.3429510604626989,0.6188104560627,0.5619458591109995,0.2031514492248024,0.1582085712236404,0.6951484373447804,0.6730242410030998,0.6471158253545993,0.5200837378729624,0.5998371568128054,0.6714239490798317,0.6396551305387705,0.5945274936564066,0.6511363323086193,0.7060459358174481,0.6970140078168111,0.6750454365754666,0.6795892511542228,0.4301674150437544,0.4302556913277115,0.5544162928403049,0.601202665713573,0.4531464391837169,0.6548289578033424,0.6184771284323918,0.6681830138316602,0.6429196310804366,0.6859894984194452,0.5972107702072744,0.6557580470337031,0.683202719850623
0.0532720172416869,0.5881404851300791,0.5838704424303207,0.5240826232572927,0.2514117322891361,0.2054299344298618,0.5367214270316014,0.5354996287804095,0.3008745813136451,0.5588287761826894,0.5598888805700126,0.2261655012424094,0.2420406829081561,0.6860636751133379,0.666830730418509,0.6334938618662627,0.5039747223250213,0.5981160479929277,0.6637088704446642,0.6468498156966901,0.5758759681833613,0.5856261409400851,0.6803268107854816,0.6876030770170913,0.652450901607118,0.6665230283270152,0.3220909046289536,0.4064421534756969,0.5306804216057446,0.5559461885711052,0.43167386050234724,0.6034040253579891,0.5799313593732038,0.5858586607543586,0.5797876121706107,0.6169067001285143,0.5771137481426091,0.601891803601087,0.6326685984757976
0.16937044488946,0.5846856535007628,0.5866711587316117,0.6102034810411612,0.2712094684156954,0.3111868754389706,0.4935326205435004,0.567000729229831,0.2365473705890211,0.5316118533015942,0.5712460708781943,0.2676209046131168,0.1245870757705409,0.6262219773316934,0.5709560343848145,0.5828661736606142,0.3492519464658482,0.5410412368335289,0.5790594914386283,0.5992312615283316,0.4962640612429466,0.5221153415095868,0.6277326599883477,0.6289386171991509,0.5899194781995754,0.586701352960503,0.2458832956821703,0.4013848929783458,0.41684707031423984,0.5385234148824527,0.480580828553914,0.5351017649427,0.5344568057831955,0.5656741736882205,0.5298474680073687,0.5704166480630457,0.5323386765130833,0.551548689980884,0.5855389449346627
0.4216867469879519,0.5283028926688227,0.5141015251316217,0.6821367453997175,0.4574075511881344,0.4397886017578413,0.5953829513550992,0.701702193975348,0.4927178107529505,0.6493323942792475,0.7229330373157465,0.3641747729915356,0.2971304547937063,0.7144819816181045,0.7059788524278844,0.6923071359338178,0.6100378661911656,0.634001054300185,0.6824960182559351,0.7031136602192936,0.6793339025603815,0.7418464376938976,0.7108329409835493,0.7150941495487351,0.6384621866414764,0.63205054620274,0.5475876541240544,0.5493078104475402,0.6685809807492701,0.6412651118965023,0.6058918822888051,0.7522584135017303,0.7557143910923092,0.6091192206237336,0.6702264971638883,0.704648250297185,0.6915699053700041,0.6640785105947175,0.7312368845047723
0.365080348499516,0.5115826517966419,0.5100849333917569,0.619677788914968,0.2768181451743064,0.0969566582038374,0.4656387313434974,0.611276445800614,0.1270427629717931,0.5667349373391073,0.5942023328845181,0.1377527546134048,0.2083547036538629,0.5787516415649272,0.5963027754025777,0.5538547426425926,0.3561998588878775,0.4314273896167054,0.5950588416919637,0.5786336308858514,0.5301552423592713,0.5735447457183775,0.5903050215997986,0.5847824857610818,0.5285327245173772,0.5743676909261597,0.4073040274886904,0.5103347158104057,0.4651491676511581,0.511599139265747,0.4968019396627345,0.5656565111208537,0.49345058862440494,0.5417072390552942,0.5175292443401187,0.5928885072630294,0.5526626676709623,0.5436830760168883,0.615139877458474
0.4527361364373394,0.6596147116557215,0.6832411626323202,0.6947982429218087,0.5791045970893993,0.3858264312675065,0.6332660344628444,0.6960776517629916,0.4596594879334127,0.6452640478313999,0.7149321722129909,0.2429272627446153,0.1664738411390923,0.7944300297942053,0.8051569710920858,0.7479507936852217,0.5437503206024626,0.6552841190206344,0.7820310606919916,0.7678550384662024,0.6893343483978933,0.7559859165834937,0.8038898284340459,0.7987648624950255,0.754627345981336,0.793693193250203,0.7322965482251061,0.5918664740054397,0.6813983879785724,0.6976327774537466,0.6506635281219694,0.7349818400337802,0.7002831372210747,0.7183157950095286,0.6887745109853376,0.7652713022160342,0.6825329687528923,0.7478024172103425,0.7696010834979802
0.4758961681087762,0.7023000248154333,0.6996829108527138,0.6801154873308878,0.4999012394616387,0.464787511823251,0.5920697440516818,0.682736016606062,0.4898020742084948,0.5759303436861856,0.6626772911460627,0.3203548135613707,0.2855027259068522,0.7524725084267607,0.7616538534319293,0.7107357289924875,0.5546072200563321,0.6696358674430911,0.740557994451034,0.7029080948779839,0.6097466701106521,0.6830151443916972,0.7523988237827832,0.7445199166542349,0.7339246103396281,0.7395774792298117,0.6913244750003582,0.5226791462695294,0.629265295199033,0.6521225859140022,0.5960095024620757,0.6648622513168416,0.7048674072778265,0.6561822454298937,0.7170131697615216,0.703403015267031,0.6821910254379537,0.701387690724503,0.7455789234399526
0.0058146163493332,0.5046801782232404,0.4961521292315057,0.6468243106877927,0.5075732575206058,0.1865468705265628,0.4414846963178814,0.6456542930261021,0.1230903854826253,0.6037064161572651,0.6108448065813302,0.1300918333440669,0.1928322076059758,0.6518249684021296,0.5805974114961133,0.6007805488214267,0.5081284097129837,0.5539433500303343,0.5833875835413738,0.6190564316942349,0.6153538853330085,0.5648152029548367,0.6545928015739125,0.6568302952336177,0.6095840038045928,0.6020296801368614,0.2463271114746184,0.3749217672696811,0.5380998610713403,0.5776838538774293,0.5234261242849229,0.5932787067340664,0.6422864099417923,0.5599623637870325,0.5394257757492116,0.6117446861743254,0.5082999231571098,0.577083895698404,0.6367528818863875
0.4230769230769232,0.2414006408276348,0.2191787263100431,0.6867491841000464,0.5175269306510623,0.2623316337994372,0.572265980064513,0.6939796049942506,0.41308200768486,0.6154024173903977,0.6849526643295712,0.4814939746142997,0.4947395876935507,0.7882630136024789,0.7794121631198371,0.7391065654624557,0.664198221079617,0.6778273844774405,0.7499415669244951,0.7367153214564741,0.765136321674947,0.7105978125466854,0.7878179805706093,0.7894114379464849,0.7286667634012443,0.7136875142876061,0.676517441669923,0.5617802059353489,0.736165082721021,0.717984015143915,0.638126068313048,0.7979294883092802,0.7996296275656446,0.6641337258981886,0.7297098945581009,0.7807475361888003,0.7305831943278133,0.7421823848242081,0.7654053151633804
0.5194253999347045,0.6665051612615395,0.6706074188688507,0.6724837694918743,0.53485115698552,0.5556759124833526,0.6122352854147586,0.6828288240272805,0.4808594395536422,0.561645377077952,0.6019800730269176,0.3810447980219585,0.5028388243868088,0.6895154946547358,0.7059965809270534,0.6892968082364803,0.512444332760442,0.674760948779605,0.6977646446108958,0.6578910323219959,0.6477445964297993,0.6833079325639535,0.7041598540220175,0.7026114730335011,0.6481039192749056,0.6544050550816062,0.5473314073521054,0.5743033054761573,0.5642404320084735,0.666540232521506,0.6431383848574053,0.6708756275036452,0.6643142537019857,0.6580757669529305,0.720811035004156,0.7102732004557942,0.6957645216094062,0.7040163126221703,0.7291042105270918
0.2681546683432881,0.4690057969714375,0.4903148325524992,0.6085221867541669,0.5481708520058733,0.4215603909826956,0.6349210961606813,0.6127240941141234,0.4588374640235412,0.6065444959070007,0.6168077965226091,0.3216258553473187,0.4154949629842626,0.6099197753894787,0.5728191715342343,0.5733636741132282,0.5651507381474282,0.6367840659439661,0.5729872937417376,0.5839601468374835,0.5817395112391887,0.6418663527370377,0.6013376433397054,0.6114580367311462,0.5127088062181715,0.5308113238157676,0.2861572317513367,0.50034331620796,0.5662908979395096,0.577655491926091,0.577321253677979,0.6423832490069414,0.6276601777430314,0.656524931374735,0.6457631368104346,0.6260843665350111,0.6126242976713991,0.6309530970907622,0.6199421168030566
0.4271604938271605,0.5193209828283902,0.5135581424845607,0.6787226429849886,0.6181122718592761,0.5628080463624395,0.7021283601150681,0.7300200770089253,0.7015392967184519,0.6180562493562153,0.6813669711666919,0.4324981861348699,0.5291071018404309,0.6877597282990854,0.6556088003391722,0.6716516964297936,0.7128271716271011,0.7509406109964167,0.6401046609382576,0.6916714500204819,0.7020422502994739,0.7177961441197935,0.6902656614493202,0.6969762733036371,0.6367183649076184,0.6572956159438682,0.4881270269048934,0.6449205803871582,0.6915644508213324,0.6760962564579986,0.6486488115997406,0.7182037678830273,0.6951809668449549,0.6968991459430016,0.7227158914970826,0.7162546591493413,0.7033680690877414,0.7092232744839485,0.7431336802770755
0.6559663064390575,0.6632752603447896,0.6652393233697553,0.6935686396951154,0.6918989252472344,0.6835781641462991,0.7352300291753462,0.7219073105871228,0.6945191936702707,0.6898951257905583,0.686763402585561,0.4974337258159028,0.573133926248041,0.7103658680335444,0.6725127443384536,0.7027518807079718,0.7211722012247588,0.7659076191676208,0.711494798499009,0.6983340226268406,0.7658911645186736,0.7647678511470973,0.7186128924090172,0.7067456326634532,0.6436321303941779,0.6674558448085995,0.546890776524251,0.6327659748555168,0.7108124163677757,0.7134712098627931,0.7149428698980416,0.7730407992582965,0.7381571372858644,0.7628890418683891,0.7706163198989147,0.7685476141218647,0.7603692430593708,0.7724523698356556,0.7477243311342123
0.3318625906082572,0.6848694696952653,0.672285746017138,0.6844771914899844,0.5541504367064147,0.3498444376494912,0.5666080026982092,0.6794583599276776,0.3951887058006299,0.641567809576326,0.6752526795860179,0.4058211877888455,0.3818744113153108,0.7775148392337607,0.7650389518830731,0.7223076592954293,0.6171087726328512,0.6745162849509744,0.7825718267010127,0.7323279000738403,0.6749444177300423,0.7222575665045774,0.7700070231924434,0.7710774392253588,0.730796011310477,0.7307780850659473,0.5920194019815318,0.49610610544640954,0.6420417302027119,0.6394294289294653,0.6292765540413144,0.7348967331259619,0.7223958292816942,0.6770446416749648,0.7472708293793946,0.714878794965735,0.659725485845616,0.707196543932136,0.7473834910099688
0.607987657449425,0.7619798537858766,0.7752386151817604,0.6765959473255572,0.6911634522064098,0.5913098565072998,0.7421071348999517,0.7186464461482925,0.7327219671853709,0.7321489380873565,0.683216869763043,0.5706204368489214,0.5421541484160836,0.760608729636591,0.7511789357463721,0.6876112811646504,0.7236484341856039,0.7753396208210093,0.7435680537446878,0.7381156504387164,0.721820552553784,0.7707880449583066,0.7570536927497024,0.7526659411235408,0.6913515106982513,0.6889871454307398,0.5795517621863362,0.7282173375087373,0.7348095348841064,0.7560450224988047,0.7349731841965343,0.7576012918086831,0.7136942617543092,0.7402506555253032,0.7297301059185448,0.7343754840729657,0.7307083932867213,0.7632446708287915,0.7393040806949637
0.0,0.7272031539285253,0.7364425423190525,0.6066366332799541,0.450618558485224,0.2964646079200175,0.493287118683555,0.6277318070538168,0.2287110108008093,0.5603458602464696,0.6770806608374541,0.4212393464400531,0.3044301575438474,0.7095047416309691,0.7055765537413279,0.5913916929269517,0.5021712492374933,0.7063791356148809,0.723389266448761,0.6673518327221821,0.5995371080307553,0.6356805925191453,0.6955968808245447,0.7051666566474439,0.6800508640200154,0.6493042650668834,0.5695360734445656,0.4115633957053344,0.6844328955676275,0.5456177575446406,0.4516144665198176,0.6565203807738789,0.6853908724263942,0.654028493316107,0.6929139361048302,0.683503676219526,0.6529473266275934,0.661701710501005,0.686130863807829
0.0706822372464655,0.7415278591263755,0.7412105217321237,0.8036689397504182,0.698727455115151,0.6013527777557683,0.7452846755797468,0.7742796357465276,0.7332651507867283,0.7395134277954968,0.7705812523591687,0.5022427447431389,0.589309920439018,0.776875188227651,0.745920220936948,0.7274462031109793,0.7077111449099502,0.7617098061086051,0.7713246209059111,0.7332036331019736,0.7552255467215415,0.7192850641772537,0.771741898435673,0.7802854712525704,0.6987259242507597,0.7277212007822753,0.6418990785835162,0.7208571708113779,0.7663552918433979,0.7632923430833579,0.7260679900559444,0.7350090447741935,0.7897712469056732,0.7721282141306303,0.7370537903370894,0.7469740759588207,0.7634107890115478,0.7732766874057153,0.7722376135885098
0.3928320792683153,0.5544265947091622,0.5694727649858078,0.636495623105579,0.5888654527143,0.5533556055861074,0.6168517668958109,0.5962011261435892,0.5835401056388136,0.6186695366056196,0.6445157103696691,0.4925064190967098,0.6229880682180754,0.6848975327279867,0.6846143489412742,0.6241637254471479,0.6241813455853954,0.6543816530115734,0.6747787073096753,0.6267049063821262,0.6522808960248974,0.6819889179201863,0.6773303024333245,0.6853668725809614,0.5988745356588303,0.6242970644221115,0.5376058815794162,0.5735680386318857,0.6338212765337625,0.606509856629715,0.6316055039346283,0.6894549301739646,0.6870064192442149,0.6844591269531846,0.6920139239025165,0.664554796533995,0.6619024924509882,0.6720844673574307,0.6970531788942012
0.2557341598357862,0.6924844567995339,0.6938733790813397,0.7736402620667981,0.6933616591539333,0.5568873153089482,0.6786818665696586,0.7011141132270694,0.659376674148915,0.6381494478433043,0.7161829577103408,0.5607444522572507,0.5167498424473784,0.775589255894112,0.776594370175697,0.750190925472345,0.6914042711972882,0.74735390426274,0.7650940689259305,0.7375252753632158,0.7492230214395121,0.7373561179778955,0.7842387089786975,0.779225948531716,0.7488650414003346,0.763461708949357,0.6280379233357547,0.6510631752401908,0.7254295558288233,0.7299195477433986,0.6636420694142883,0.7386756977877915,0.7222407849969229,0.760702234517041,0.731392181569075,0.7594472388769781,0.7305118174243493,0.7492315188455229,0.7560222823581918
0.2205506257460533,0.7095456367042049,0.707951298894799,0.673200745287281,0.6196813301835998,0.4669464194931135,0.7183634647312684,0.6409930615300042,0.4941132619847861,0.5903250203444699,0.6693401860690755,0.5184238159260277,0.5177061663348514,0.8385372425812264,0.7988919872214983,0.7716257695332344,0.6602051681406871,0.7627346021807467,0.8077261879132906,0.7875613034669582,0.7784164132834761,0.7813183505851444,0.833847104844532,0.8284706387012462,0.8350971450172018,0.8297762137861046,0.7928355456170426,0.6165079349827878,0.750850793758298,0.7536694952570547,0.5884582979637583,0.7798757040113047,0.7652330327442268,0.7527139541362814,0.7798301062204482,0.7959753296244017,0.7716037505025704,0.7961667913020432,0.8080040516895679
0.5047222681441843,0.7425536034894966,0.7581566960875818,0.689564279703622,0.2923392688555162,0.4483967230625015,0.5319431333888904,0.6517193589895278,0.0463328695124181,0.45209415321722,0.6657524704501867,0.2482826499645755,0.24835574858173,0.91320626757432,0.9082307193980146,0.8345416601326934,0.328686817609026,0.6400043932668337,0.9076896546266646,0.7967715920142728,0.7208553841780972,0.5332157121272287,0.9135131104991168,0.9165378913032562,0.9063058675553431,0.9131489260345786,0.8875388426528421,0.49553199717002927,0.6735043261578073,0.6290341748986343,0.5163324399619713,0.7093204361230863,0.7602689756736796,0.6313839800770393,0.6674728418967828,0.6415964661342379,0.6071245649103026,0.6554798280645044,0.7391394893153753
0.0466504532390008,0.4635234885488531,0.4607421282601652,0.6366813696494527,0.3970806874432287,0.16939728553551,0.393957277334698,0.632089564965405,0.067805683728481,0.4443602221179527,0.5958374832424477,0.3017677807112369,0.3091874691713263,0.6876896307036141,0.653564860596946,0.6010675610740793,0.4533801958761271,0.5609043568597675,0.6597064939356607,0.6361757068965339,0.615104073379076,0.496151485541788,0.6899982453180341,0.699254842003082,0.6491084852095506,0.6618592239456926,0.3956598747931336,0.36410508079437115,0.6254274815766009,0.5672551315056664,0.513420706307856,0.6461603145697283,0.628303233380284,0.47461032158459815,0.4883307451147926,0.5583633632985219,0.48856082275758894,0.5441426900283084,0.6282940056352043
0.6772334293948127,0.8176354388618664,0.8070129833343703,0.758244515655975,0.7115269941766812,0.4543595425029439,0.6618211127044292,0.7327845889353692,0.6668526250787215,0.6013657094507131,0.6549421370548998,0.3775653086510538,0.477061603341549,0.9531100790449404,0.9531100790449404,0.8785378701355574,0.7857705475219514,0.8244466157132422,0.9449524618760592,0.787867259109162,0.8676412163881579,0.8207810421989257,0.9449524618760592,0.9425273196619516,0.8520866294095681,0.8285569112491367,0.6018857531698943,0.54032388612859,0.8319335109831505,0.8387807481847174,0.7027543960013377,0.7696160045080462,0.6752108448137207,0.7885373484632473,0.7910699331122008,0.8721493635826956,0.7348804847057352,0.8254518826916224,0.8652613132052233
0.1469086783891094,0.6827012842953543,0.6922325988557,0.5715154381944978,0.4908504956644256,0.3124733799251627,0.6104773750813381,0.5754782862795011,0.3592666718740778,0.5301946313348056,0.6320961963254932,0.2836084665644276,0.3901077440037543,0.7887457561003479,0.7722102997496452,0.7140803952619702,0.628494354097713,0.6767738130769777,0.7751752733049335,0.733742483703448,0.7724297499907978,0.7158872244489625,0.8045148400014227,0.8002367685357408,0.7595582418002589,0.7573172915798094,0.6560687558858115,0.4845955727026528,0.778340767647439,0.6466344041558547,0.5380269579152458,0.7060783411955158,0.7660596167109381,0.6686783601222273,0.7097871276970802,0.7798592186355289,0.6914709113180163,0.7863281835487104,0.7918362396240335
0.0,0.4920201543115833,0.4686966930241372,0.6649703944297819,0.5175906086017363,0.4670028426099579,0.5865123890053768,0.5895346918512597,0.2368458840858446,0.5375016705959272,0.6351015166217064,0.4033477818540621,0.496832798792278,0.6452601298419792,0.6665467896476237,0.5941516191912803,0.4829767560046887,0.6308808541629769,0.6596326969255515,0.5851128768853558,0.6369779733065368,0.5827042930756088,0.6610387611627717,0.6533924420546473,0.5248811808590709,0.5572873838968835,0.2947795116777996,0.47395783970776906,0.6569732649272979,0.5319698335017822,0.5691941633393964,0.6204672324898033,0.6208673307610477,0.5818990987016053,0.6217669681827281,0.6251037925985965,0.6031554446225453,0.6141604072272175,0.6544333149231887
0.0330162283156127,0.5280002743523162,0.5176962281916301,0.5764036910688973,0.3788423163180522,0.3906121349713872,0.5657051528484115,0.5627663691157622,0.3255420297999681,0.4993925645953572,0.5518685547033346,0.2629416515932223,0.4466126800373359,0.6756650435053906,0.6556379084120934,0.6076416194558322,0.5242636672918464,0.635753675024427,0.6255146597914847,0.6279938114822571,0.6788254803816838,0.5858789690438336,0.686186682148296,0.7120545040033356,0.655836196352434,0.629300559396939,0.4580819056937598,0.4715793234038038,0.6584025014953913,0.5969956285590492,0.5387072809502093,0.6533182893599627,0.649523000312314,0.6237104190639742,0.637881808940031,0.64098322368453,0.5788818607907471,0.6223329921646474,0.6655309888445927
0.0636382502114673,0.6681022509771452,0.6729151342121844,0.6404632321021236,0.4897877218015175,0.3413027207017134,0.5623183583355903,0.6150655549864869,0.344330587029623,0.5980443013895869,0.6368088660741593,0.3004615834264313,0.3841755219923142,0.7464114786349699,0.7284371727963348,0.6755078960984291,0.5220100063526566,0.6728452879739025,0.7109866843372098,0.6978942755812361,0.7188021039137528,0.6573499817737678,0.7455574510680728,0.7450155227766566,0.7176001435152812,0.7064739181685503,0.5195217642096083,0.5339842379007286,0.7267442424809779,0.6522191636865118,0.5532336665031816,0.711424324312143,0.7212679335154621,0.6455633723161961,0.6722489622959995,0.7127582797183475,0.6654645659349151,0.695019085185535,0.707234651246681
0.0053687482339644,0.6257752421315461,0.6348836664838498,0.6161742433297926,0.5300701996884475,0.3394420045890601,0.6184007521701965,0.6164265660543988,0.2809889481411515,0.6660342316383099,0.6066425947497145,0.4871776184063185,0.6477410963221317,0.6952856647874635,0.6740758567924827,0.6305610143480259,0.5942839688171497,0.7058189874376051,0.6534795902401126,0.6380840599203081,0.6731796086783279,0.6680717553512195,0.6827918005883642,0.6886386624077383,0.6287376710812007,0.6230249326023385,0.3453658025378276,0.5223347474249534,0.6970809097996431,0.5841052004808212,0.5356667247368154,0.6689925007215756,0.6981553312085668,0.6740865422076687,0.671401533568185,0.6951431896454664,0.6795613453616599,0.6839494606193277,0.6792034158945681
0.0515916575192096,0.5558548324567271,0.5626293161741593,0.5967390299474857,0.4736134229711887,0.256717215622518,0.4775088005980986,0.5999451141328354,0.2457482755124032,0.5228947085144696,0.533707541442283,0.3259936136406191,0.4257078576922777,0.7581841453358557,0.7104339275474155,0.6936118162836789,0.5861644400399537,0.6195618846236426,0.7012276519100924,0.7109679284045863,0.7155749496187351,0.5898785159356448,0.764071281422461,0.7552660430171738,0.7311384661997236,0.7234342364012482,0.4009541333422277,0.43495316227999437,0.7227331259826364,0.6612008423359758,0.5352992030704777,0.7052636948482671,0.7030549239760979,0.5960373795717356,0.6251908005246531,0.6576493607896748,0.623513811636399,0.6692784258133189,0.6905476654249078
0.0348223707351388,0.6307462260564274,0.628138446756808,0.6299539498826612,0.4758462546473215,0.3413852337217338,0.4840858275102062,0.6149865465158302,0.269439483790528,0.6041901263413383,0.6025505404417595,0.3203082308144125,0.3953186899645063,0.7036427086764945,0.6944602924072727,0.6364674345320702,0.6541005527885273,0.6682853129774731,0.6905668922853587,0.656211981382006,0.705575166364887,0.6526396867934301,0.7042860038566963,0.7035134372141251,0.6260764622193782,0.644745203841547,0.3497419725503197,0.5198134444570017,0.7201659579616203,0.6359983326404972,0.56544563188655,0.701489396588789,0.7178527164164761,0.615150213315972,0.6707438988223438,0.6926199394254093,0.6524762107711009,0.7022871364588521,0.7122362202618524
0.0875371008194177,0.549227569224318,0.5480023341341171,0.647601034069054,0.5186029313093978,0.4635471819990383,0.5994428698197519,0.6415093579417765,0.4057749637920327,0.615197052318707,0.6098120641449742,0.3915709288440432,0.5155058776997452,0.6741996681953956,0.6415344654420446,0.6102861709641672,0.6281025650989078,0.6963260810546019,0.6361147647363029,0.6398779816486881,0.6857119322386916,0.676818637734463,0.6746358705726412,0.6743717956774341,0.5909799489351752,0.6162045506806765,0.4083753518825285,0.5892155683070222,0.6828930579273322,0.661596222097345,0.6133222818676162,0.6824536030261128,0.6781358300723911,0.6701728094274381,0.653917564111024,0.6896406200203247,0.6866904128009932,0.6765356372639557,0.6747321048094961
0.0,0.31875,0.315625,0.396875,0.25,0.134375,0.315625,0.403125,0.1,0.43125,0.440625,0.121875,0.184375,0.446875,0.428125,0.459375,0.4625,0.446875,0.453125,0.496875,0.465625,0.434375,0.446875,0.4456934816396408,0.3581651781998962,0.3709600179465144,0.1966042854714951,0.290625,0.48125,0.465625,0.3125,0.45625,0.509375,0.478125,0.46875,0.48125,0.459375,0.48125,0.453125
0.1049723756906079,0.5026671130064335,0.4881789176174163,0.5974992241449204,0.4234757807679274,0.4038027459829292,0.444726012001158,0.4834092729578867,0.3649078592762237,0.4435253808071085,0.50541250664343,0.3700156947455661,0.4334789950147207,0.5947957489759939,0.5790956556557634,0.5226270328601292,0.6038307877117515,0.5581649724817925,0.5352959058436848,0.530144771375733,0.6100060384989341,0.5188624146164038,0.5877728158309642,0.5975995271926344,0.5187902133466384,0.553034374110663,0.3935741551327306,0.4345437691167785,0.6215574280927194,0.583497432941257,0.535428635748937,0.6092523472986364,0.6234733509638819,0.5174234273717526,0.5124948898394901,0.5928896452923123,0.5674156504201708,0.5865685468904369,0.6084775507563672
0.0176287031790048,0.4512557977170518,0.4584202302246549,0.5340116130776222,0.3194733349789731,0.1750262716130982,0.3835139294839318,0.4742434914534417,0.1319917950070809,0.4617407229814082,0.5200883922849859,0.236302618514872,0.2515182130971437,0.6868491680791473,0.6065223399829286,0.5870064239780733,0.5684349883405849,0.5577486413302564,0.6478185325743516,0.6203875058407112,0.612661075782745,0.5153906160352081,0.6932785675454365,0.6869116162314336,0.6032447910533001,0.6254415680621327,0.5120304486640065,0.36282706837102724,0.6297718839675392,0.5907986903788405,0.4795624581566309,0.6187015792873173,0.6457522555752231,0.5381973895734757,0.5098588812154209,0.5938179784333553,0.5440093024463939,0.5890570815689822,0.6026230554025129
0.2508278783211398,0.5358743278417284,0.5513027540038962,0.5625172028260199,0.4031055152643749,0.3696314664686318,0.3912406344665822,0.5546848800210513,0.2638800875066446,0.477145613829128,0.5377101698121841,0.2199842662839408,0.2246373295415789,0.6698971913251656,0.650861417712952,0.5906161825917009,0.62163695155693,0.60381176841045,0.6342876357550477,0.6077827094836087,0.6227064988397539,0.5624849935329415,0.668868395299435,0.6796533723903382,0.59212764582863,0.5841691828718967,0.4663559457367441,0.4328041831477626,0.6210777579068386,0.5610408845456899,0.5123909403059732,0.6237161706997206,0.6308280041411132,0.5485474767435129,0.5799430876608445,0.61480006729466,0.5665578636225785,0.5991207495472072,0.608847680757764
0.0522381415694344,0.5973758068992451,0.6010283771896511,0.7028275484000008,0.5549936254317558,0.5157474113696122,0.5976561359568942,0.6571100265312871,0.4049020713517842,0.625742429032119,0.6472015695724775,0.430949214095091,0.288881688005182,0.7803958291509174,0.6892195098629756,0.7266031018342739,0.7321181217200141,0.7576643552885021,0.7348395952903763,0.7370404058138851,0.7671858318966139,0.7443479461758359,0.775505646972985,0.77341522958285,0.7360195191036472,0.7522999384558441,0.6798466382430091,0.625505654168325,0.7595448175574846,0.7791377211062227,0.6387334254159682,0.7323902765767288,0.7554147741280545,0.6994772806465562,0.714726688438223,0.7607981219167534,0.7371394252532595,0.7562527762774781,0.7552105592160022
0.0,0.5543747044583209,0.5709668524626184,0.6721308633962173,0.4389010605927178,0.3472278249981629,0.3709135709746702,0.6422181115800296,0.1524730129261844,0.5980527444861394,0.6248541969194943,0.3465430696042933,0.4549741257433279,0.721805757103718,0.6878954508436432,0.6484820686251656,0.6987062117472087,0.5943292398798556,0.6676002423785032,0.6837869852652056,0.7165786420400615,0.6479092067739545,0.7169274882202286,0.717310217877974,0.6830502275869108,0.6807127045272123,0.4415477232782684,0.4755264697634476,0.7105360039571421,0.7051203350304303,0.5187912935370598,0.6661517124333884,0.708650882129679,0.6319304887210708,0.6053106168147732,0.6850940951104189,0.5753214792294143,0.6804095068048074,0.7058707811107021
-0.0055360268689427,0.5678140585003774,0.564555829941799,0.544080425853368,0.4735157169028038,0.2903311818063892,0.5259189476751231,0.5596264202262474,0.3931218994732328,0.5723713758415131,0.5561462245503018,0.3939643553043564,0.4592534457790755,0.6717444309824188,0.6611539915167197,0.6347947591786648,0.6464800233935103,0.6411286042501596,0.6335708575783272,0.6184794607839921,0.6165336903054142,0.6305339323533123,0.6709704615960927,0.6711226141213735,0.6106731597987387,0.5906490931278326,0.4693884084398915,0.46606773305834637,0.6472036784136266,0.6000053987847788,0.4919391563315373,0.6154283108075471,0.6605158640541968,0.6366992537694368,0.6200972339971866,0.651118643858988,0.626537738676719,0.6524599793403603,0.6603447751022395
0.0909676978479623,0.6262290076699888,0.6243807084489255,0.7372311899902535,0.6009645044421115,0.456011781911471,0.6649872684855123,0.7317767074204893,0.5180783119759816,0.6690033345565308,0.7589329693296725,0.5322082466345328,0.4304604290353159,0.9002994657024794,0.8244573743362672,0.8676979036195233,0.831050809248117,0.8653878760268882,0.8309067539123767,0.8448592813037907,0.8309645694996248,0.8543749979197605,0.9002705316141763,0.8997735139572812,0.8915092092431314,0.865996925564944,0.8082264849079281,0.6401159903890272,0.8286428795754304,0.8330987042672768,0.702987993347436,0.7598410774685155,0.839821168795552,0.850841723969564,0.8245772352658122,0.8563549214105614,0.8015373657481695,0.8639662930047363,0.8717609309800028
0.0,0.5968046287308374,0.5888759035464002,0.6947352335680728,0.5571228105936787,0.4869488403607384,0.557541447821604,0.6749209024047589,0.6075960824847237,0.6635827804722562,0.6563701692860964,0.5686436601357762,0.516298136791393,0.7277160142980275,0.6822080542344267,0.6754248298534221,0.7295487492961967,0.6989345943394356,0.7010701822780534,0.7120954694015588,0.6883459136024367,0.6829293194040642,0.7198412158439427,0.7235771083274992,0.7043717870309456,0.643993979563936,0.4105989098169182,0.5720878860005956,0.7017015326660225,0.6775925121479791,0.6087554172267657,0.6509050778461114,0.7033952779459147,0.7006447286005205,0.6878671447306788,0.6880380429829993,0.6424736573587669,0.681375527504464,0.7196506795894694
0.0156791723326907,0.4545916542932322,0.4550228619687999,0.5984556034706853,0.4566792736370563,0.2833971684056171,0.4253804752285918,0.5837437039841196,0.3899194567856568,0.4794977668913639,0.553009432104441,0.1961372343962925,0.1931261930050625,0.5910373572810034,0.5701060636151529,0.5550063163470222,0.5700742941928115,0.55903894752597,0.5307520743801869,0.5645107045732702,0.5585048187161371,0.5553463141332006,0.5919375291238349,0.5906671919954538,0.5113810608014192,0.4670578652317781,0.1318974503048978,0.4680101905527496,0.544472260250233,0.536952595411807,0.5309399646264199,0.5552333572288098,0.5824254068031282,0.5283300987774159,0.555797071663245,0.5705744113138599,0.5830502965961345,0.6110588327433242,0.5827378335253766
0.165489872700098,0.5738348348354937,0.5715494494554012,0.59487995154312,0.406472382490891,0.2890937074342353,0.4135025963038957,0.5894838793831138,0.3283166084864645,0.5514681923620495,0.5355783358767517,0.1777008670214491,0.1643707194413289,0.6454985643822286,0.6227349909341467,0.6224706524831827,0.6661573537790935,0.6341963669228712,0.6089691466550982,0.6183672391166354,0.6564245097503478,0.6238537200251983,0.6493631351315143,0.6490266855275629,0.5621454907454043,0.4990484681623847,0.17174581025663,0.4389585833646132,0.6594907663783849,0.6403565247686513,0.49099799942333044,0.623466009400523,0.6342310288762201,0.645458271881386,0.5769735648933106,0.6305658951280844,0.6348294672851884,0.6515224598857342,0.6634260158623138
0.0,0.6065231000737074,0.6189324056028961,0.5825344504342997,0.4132683617314081,0.1525279791006263,0.4024428166512876,0.5984422725191387,0.2021498926352665,0.498789145950143,0.5541345790265688,0.3583948670064417,0.1579583850880648,0.7694997960261688,0.708726040351827,0.6549865100242462,0.6668326285191227,0.6427337248905003,0.7104724018446434,0.6704482440174424,0.6683770909863538,0.56900777879586,0.7695203241346883,0.7702958470767769,0.7547569706190284,0.7109966379076504,0.4565076916649245,0.37058999653277797,0.6719641522568309,0.6717620042922968,0.488809620644051,0.6693165031267605,0.6994862005205149,0.6161647416913383,0.5732658682561386,0.6215658941804882,0.6001332301973753,0.649787992589398,0.6955604755008229
0.0199999999999999,0.6143039833230548,0.6191524263935367,0.5517306405231616,0.3701970449198324,0.1954687802346467,0.3957742960969287,0.5954213528668101,0.1562457211678856,0.5977399480300649,0.5564925582479023,0.1401691868646242,0.0470406811799329,0.7759022741343503,0.774795197225093,0.7261727243430596,0.7176513910214035,0.6453430377008585,0.7636412189893811,0.718100191652204,0.6841131100621085,0.656872913170877,0.7761172491748191,0.7780878606778067,0.7445381713505158,0.719414838259347,0.5741423792021321,0.38531064022711203,0.706123914162774,0.7236090038356159,0.46235956350941254,0.6791356127210131,0.7251677243509571,0.6419967276991857,0.6374450959412283,0.7233165788977696,0.6535075173946653,0.7336068507946489,0.7369730014657787
0.0,0.4220896865313142,0.4212549945223863,0.613689301126634,0.3855935112941283,0.2988788213948141,0.4085802887463048,0.5742847868560103,0.3496519860868706,0.5749832608453389,0.5091130212159457,0.2299919567919475,0.2877071284290748,0.6546930481187283,0.6197072872423216,0.6038737341723699,0.6325038979195334,0.5974094816818865,0.6029660180159889,0.6375442266205611,0.6211785160228657,0.5735774148554931,0.6531504940039745,0.6549281419054109,0.5660950359487812,0.5602096277566455,0.0966208794820264,0.4311657137982093,0.6163059445507155,0.5896224158872434,0.5667403388520132,0.5465422497964129,0.5882141484898981,0.5909911844969526,0.5845728720053939,0.5898663661556804,0.589868479595333,0.6076193436787829,0.6054467507094133
0.0769230769230772,0.4705807459457949,0.4627376822762135,0.6584299747580291,0.5062233665176578,0.3333610940458061,0.4626730544383723,0.5869854997825962,0.5460644816131317,0.4297131210490011,0.5276713307191587,0.4505296028149598,0.4416681330853906,0.6545021060525819,0.6005121047802419,0.5885776280986421,0.6108820649022375,0.6283257045585042,0.6059711719281005,0.629610874488013,0.6042933766219878,0.5973528638681634,0.6358213716893852,0.633815327916661,0.5802663549196568,0.5284786004008899,0.0662185811140762,0.5118945527031313,0.5737436691986509,0.6110270604310782,0.552199217344309,0.5911362214003787,0.5738920590000252,0.5748898540766618,0.5437068561608098,0.572982215244772,0.5627820098483912,0.5786342121762844,0.6263536840185753
0.6978684760435344,0.5556331282460126,0.529264422175822,0.6977666783232985,0.4653156445436519,0.3742307698674678,0.5239419783442323,0.7401587363614371,0.4139657371788786,0.5780051980359162,0.606079157971022,0.203243603229127,0.2034289873190756,0.7072808585270286,0.7124036891161829,0.7257350532792116,0.732551770397045,0.7093626299583015,0.703277052100528,0.704673458934016,0.7229280420754666,0.7102682295064503,0.7142705165249453,0.711790660647331,0.6750043333395915,0.686086795873163,0.2395225270725245,0.5045313988645541,0.6750846047596163,0.721913068965723,0.7534203983700017,0.6793857454525568,0.6548328530324209,0.736559260531596,0.6660918755273476,0.706844021218913,0.7118029789599499,0.7043846157411006,0.7551335488697857
0.4410355774930042,0.491632946240905,0.4964570348568163,0.6356266099016205,0.4913868089046113,0.4277948338624913,0.5428337256867181,0.6281272155829184,0.50101145243942,0.4814387059611997,0.5611175839707403,0.3836358120383851,0.3489356582777215,0.6081258951122408,0.5749993135974087,0.6316106979955736,0.6393902092586072,0.6563267459485551,0.5651590928944505,0.6384394635521018,0.6398722589431333,0.612471594061601,0.6098459607874332,0.6112579284640015,0.5310174403687323,0.4904135461128757,0.2274778414010153,0.4855444031389178,0.5959866122469893,0.5998604390501592,0.6203331524404305,0.615350908830709,0.6118095099620804,0.6419784807776516,0.6272022201246343,0.6270519938180329,0.6219243698672239,0.6483282370214812,0.650292462397135
0.3982748084178064,0.5849446158633839,0.6178927708093263,0.6622231846611867,0.3535856574151325,0.3630606557668371,0.4337298723366787,0.6264728427979436,0.4385417751325281,0.2399518457096425,0.5395067680211997,0.3735548939476368,0.2958976352756571,0.6757291682185834,0.7161560346571336,0.5646767951444753,0.6326640402812382,0.5940696025867818,0.7191555684237632,0.5763208821440481,0.5723784331233321,0.546429918416391,0.6582205042562422,0.674397416821219,0.5540628569962991,0.5162144191305684,0.2576469923702779,0.4758722925673404,0.5806636980082003,0.5457689923106963,0.547924109152536,0.5329274436685412,0.5936606460428194,0.5565410463640255,0.6025933492577572,0.5948040495120619,0.5521176626500062,0.5580444414628112,0.6677068785011455
0.596139549917268,0.5792675165949721,0.6101206210103465,0.6538542724480789,0.5499975661877511,0.4498789379447257,0.5629072926000704,0.6583701753417097,0.6811442484506887,0.382610834495523,0.5534902671808982,0.5768020092083423,0.2017880371879697,0.5836215485658007,0.6014856938026618,0.6416700482318909,0.6687292515323563,0.6432400699909582,0.556740371289991,0.6206314213251293,0.6518212742247013,0.6499877998796129,0.580956156997289,0.5743495280644051,0.4571645813858798,0.4047211211966379,0.1331312203080361,0.6216413694682379,0.5878198197843197,0.5975873841796169,0.5887678903441196,0.5942925678956268,0.5977873871517743,0.6556943980596868,0.6400360086777283,0.6728702868062244,0.649030525043922,0.6781516561615506,0.6877458080525478
0.5792252519611616,0.5237350106262101,0.5146028370017465,0.6401694926776058,0.51976640918674,0.4628186726312133,0.5401444599879699,0.6767138421225721,0.5339993217363249,0.4629057724301841,0.568047645490641,0.3827163293935026,0.2497894972021562,0.6740658797097846,0.65763468691532,0.6521807220922452,0.6417712273246068,0.6873094120297758,0.6372330772430189,0.6412358513980141,0.6421436178660551,0.6644366871811411,0.6747282133766463,0.6771004543345001,0.6099359686812512,0.5501234571283515,0.3103767659599535,0.5763417168491262,0.6740071774737458,0.6320504786816868,0.6218656492591224,0.550379489547168,0.6539044641550877,0.7044289478930108,0.6822998931234511,0.6791893580088672,0.6718639258933303,0.6941828891458158,0.6948645485636463
0.580721706380552,0.6338350695923831,0.6377906997475395,0.7294941052860106,0.4782180806872457,0.5669648979904638,0.6122160168469473,0.7286552796969942,0.503323767945969,0.4741606672244551,0.5789191407279373,0.3649545105107173,0.5112644101075166,0.7360287453100594,0.7536520816208505,0.6963059749983442,0.6919086828947301,0.6951963973633617,0.7425378504214966,0.6582124533684385,0.6916465099322259,0.7106332509380955,0.7398697445678557,0.7260838839155046,0.7207700290652502,0.6784323043221423,0.3101660774501164,0.5827737846991539,0.7354832462829621,0.7057972098872115,0.6750312460074638,0.6435907575812727,0.7099519793505794,0.719967449652948,0.7241141750977254,0.7325451605742302,0.7195047933166316,0.7284830698672009,0.7230734666678206
0.5132481567122982,0.564125362161686,0.577798492655494,0.7716898689289907,0.5231439939987175,0.5256747988315925,0.5979498524803742,0.7607080988107625,0.5777173599662958,0.4604783527956771,0.6366503051738746,0.375693171650016,0.3558664914874297,0.6934807115499295,0.6887272982016254,0.6904512838505046,0.6882828308888753,0.6875312725647876,0.6797949857652222,0.6622812033541126,0.6039855426562918,0.6521021203930816,0.6900181468232669,0.6826365511458607,0.6372256008244503,0.5800019428779974,0.2743001917362883,0.5959674127284804,0.6818156160747241,0.6410545960279335,0.548361454340578,0.5844973695220822,0.6511271990099772,0.7080140092096875,0.7113523058822778,0.7265938971186127,0.682659288823942,0.7143087264384013,0.6979274200728015
0.5999194358863036,0.5671534904668883,0.5691660594505993,0.7688906443572222,0.5734293469743992,0.5363812801354239,0.6188772156765416,0.7075870846490336,0.5846101145741465,0.4508065743875596,0.5930986561166307,0.4350626195071322,0.6459314426805554,0.6570489511010218,0.6317659698497881,0.66180966450486,0.6588840493288142,0.7329268760875611,0.6180375221468268,0.6547718431256772,0.6406294719129414,0.6742597855330126,0.6609751341396413,0.6607124832819385,0.583773439004202,0.5455531636951642,0.2623319857718494,0.565997406617072,0.639525488771451,0.699787200132695,0.702113913287569,0.5865107778089429,0.640375547791525,0.7074400954656807,0.6826969553989702,0.7077307488389017,0.6951764353338371,0.7115332896303495,0.7098284443378446
0.6296862901285353,0.5453524375894115,0.522937121449872,0.7307815507710069,0.6276357838136495,0.5642678322982329,0.6528288608613902,0.6797541133317875,0.6343961135805378,0.5089309175192037,0.6090512353513061,0.5724837358794757,0.6710914435790507,0.6260905563812901,0.5862138568451861,0.6482421927658598,0.631042905176255,0.7136434764180489,0.5830960128200654,0.6474791617358056,0.5964251676104662,0.6698576190003485,0.6306941449876148,0.6298327226293974,0.5854356300564374,0.5344319880510278,0.3860745102680739,0.591430533511973,0.6196062592744845,0.6967528429659292,0.723915337045366,0.6679772925607882,0.6568385328329918,0.6756908258304365,0.6725014404271572,0.6856902535212981,0.6705030451363561,0.67782798308138,0.6949025211022481
0.6179781294585581,0.5620780336019359,0.566163892233704,0.7244822593996015,0.6025566174214894,0.5553637843796496,0.6713194686805004,0.7227213811279418,0.7281071158061823,0.4110930232039713,0.6380734068684405,0.6013420682399646,0.5998941850334086,0.6498868604107462,0.626897341898118,0.7125265137482781,0.6915995331978062,0.7524086397787999,0.6414427143939103,0.6689377366744469,0.6360519789094664,0.6630906631054134,0.6520086868069997,0.6501867608675209,0.5761851941600082,0.504825641052143,0.2680123017572611,0.6271057197028655,0.6692901419744393,0.6983327036626643,0.7367925942657891,0.6424783430291038,0.6728671323863983,0.7172811756869346,0.6859891742541432,0.7274239656893988,0.7088131486060293,0.7399158467291282,0.6961259951335678
0.7016631659965691,0.39277989176694,0.3680969841936746,0.7030462148153686,0.5373391747213409,0.4506952908762803,0.5013351408618134,0.678092771024244,0.572783340549397,0.4289129034821449,0.5348373965916087,0.4555221150861455,0.5516458605261951,0.6021852884228703,0.4593350555921374,0.6038803334810897,0.5935617130656073,0.6431221007356759,0.4792391784022672,0.6369743412232871,0.6117163268908609,0.5976616662351094,0.6081728788466249,0.6153802328927371,0.555740269345565,0.4659073731515682,0.2134961720644262,0.6137890930071972,0.6006583247175479,0.6205592375366603,0.7159521592001449,0.5590053012599753,0.6193848467066023,0.6593965394875073,0.6323702903462534,0.6145950943182352,0.6336042834165432,0.6091239984073333,0.6405099310650865
0.5591475787264425,0.6035511152646279,0.5999957518128187,0.7413258823678278,0.6673593178526522,0.6229279186032327,0.7393638105871039,0.7324441069419889,0.7034173538441417,0.5499651493968037,0.641604677525849,0.6076498399313739,0.6937078435668418,0.6463244763592723,0.6490977986283553,0.6795145023823125,0.7057828087862476,0.754530218028565,0.6382619019279652,0.6861457349274955,0.6691793472543164,0.728643064498667,0.6398244547305281,0.6445547194141329,0.5752505736509242,0.5679049931660543,0.3956113724715951,0.6774655189596752,0.6702363896233727,0.6949195628936106,0.6583449193427814,0.7276646707087648,0.6659618693258673,0.7487020446976462,0.7415802461767587,0.7420875511565265,0.7260847265681581,0.7375304503268199,0.7384924542868267
0.0,0.7564771500026582,0.7696481287700603,0.7780636316901811,0.3662657734257749,0.3689990218518355,0.5319925249367896,0.6759934194448853,0.3161722335460536,0.6096539783864763,0.6396743104423626,0.0253567251461988,0.0,0.74481593625498,0.7750960310879144,0.6752460405494387,0.7678704442867483,0.6713247933781892,0.757103328281824,0.6161380593188273,0.587300492631568,0.7141079535267462,0.7640830431474308,0.754651725624109,0.6725766746889832,0.639197075948829,0.3030521417521097,0.487102872855324,0.39045523709729196,0.6228537380316771,0.3886152319743174,0.18861837391058006,0.6468749923990387,0.7590019003552838,0.7400802857790392,0.774213159166959,0.7019547485153179,0.7671645500511174,0.7462431131133862
0.6432264186890967,0.5949489750481296,0.5978498281350997,0.7297195443900468,0.6247501381113612,0.6179877412915178,0.6274565464098214,0.7200992134321024,0.5270316106961139,0.4776713535497542,0.6189404839928733,0.5185546811842798,0.5334612971609841,0.6807532670062638,0.6845921765943974,0.6605731315674884,0.6634041754947272,0.6746951558582421,0.6749935503429842,0.6412829943601656,0.6680389114392195,0.6535318103394531,0.6778622083430634,0.6751773024622953,0.5942344432771319,0.5759174253914219,0.4749517612240185,0.6063211270274903,0.5997283768640125,0.6480232442319046,0.6353498201965055,0.6602803921198566,0.5625001325186784,0.6824217055629618,0.6679810887103119,0.66896916837616,0.6545089841024356,0.6478145542244818,0.6863226344608139
0.6473056787513803,0.5594344988560513,0.566114818956885,0.8065364421969269,0.6715506452585213,0.7324953816353854,0.7225077351360631,0.8157194766703022,0.563783867236633,0.4509793651973443,0.7437776956540773,0.4862874105754575,0.7387415910946763,0.7497101267354225,0.7598048346956723,0.7594863686462017,0.7175197723602812,0.8008452137300047,0.7438797445409606,0.7300819086237362,0.7728984966999715,0.7641278087793653,0.7531358876925782,0.755906974150499,0.6744165184326885,0.7407480292446674,0.5002214641609367,0.7230726939974603,0.7040132034170272,0.7212333428201794,0.6721522951774659,0.790963572107908,0.6067851388651859,0.8374679587434921,0.7941741312157442,0.782554769693957,0.7551508260101458,0.7946401216693366,0.7789566061744941
0.692750881187286,0.5068937491146402,0.5147204735244816,0.8149909195961778,0.6787710676603453,0.7263746909760904,0.786301034862196,0.7704002240194118,0.7161946829856173,0.5794521161692436,0.6784508893572762,0.5921726122324322,0.6932163856821069,0.594955980667468,0.6131231818384062,0.646955845398244,0.673980612080265,0.7979527927792898,0.6091461100401905,0.6691240697614166,0.7518136048386576,0.7264407757359269,0.599104547831743,0.5976409023445236,0.5441254947234208,0.5618285542643273,0.2594367944127146,0.7387926063090672,0.7571008714206942,0.6545606494860505,0.701124827673333,0.784225406063465,0.5053191519318371,0.790219055671224,0.7311099200718209,0.736866041464477,0.7500766287024728,0.7155034610656316,0.71585525329982
0.2890816404169519,0.3546514631433733,0.3624719518363465,0.587079715870689,0.4439967780553539,0.578974116777679,0.5554257028244725,0.6086825842480793,0.4498001299185871,0.4084571106755089,0.5076692897129561,0.3149249301324882,0.425859365408239,0.5081390057394566,0.5155657592758531,0.5373576288733124,0.5459914643895913,0.620381711037021,0.4682327887143289,0.5281700633716291,0.5418979154659083,0.604418421423568,0.5043036748171844,0.5035042768546748,0.3338124761757164,0.3855321475311398,0.1501137272996784,0.5584375298792228,0.4264010795051762,0.4976526344318798,0.5004119722909756,0.4945447817809673,0.47375802243161597,0.6068204087197374,0.6066208065144414,0.5978815773834725,0.6226461799030285,0.6184333762154268,0.5951959642803067
0.3535622099419884,0.4741273087857305,0.4695789430030938,0.6155809126892767,0.4182179863405157,0.6002427759917605,0.5713941772320899,0.593798791691533,0.533243752151981,0.3678267714803185,0.5340979287665911,0.3435626471763226,0.5325493682317698,0.6340179170839584,0.6036328391447106,0.6187948584112455,0.6386576381901321,0.6330979676430195,0.6084470821790505,0.6089055263876286,0.6014636728866918,0.6158935450792622,0.6327186707123935,0.6287019996173477,0.5432920066199838,0.5553230013564268,0.3148345738133107,0.5538538427956425,0.5707468451220826,0.608884937721085,0.5015263204807947,0.6002440295680065,0.5670944549834378,0.6380580942101309,0.6312768060022769,0.6382970424673209,0.6099875515878506,0.6447359431190918,0.6577395524954741
0.7144590495449948,0.630859635056399,0.62544503475221,0.7244353245886599,0.630616688224782,0.78027157948018,0.7448545996787375,0.7389656341811466,0.7299585901983077,0.4767126042020096,0.650844765385542,0.5406647520397408,0.7498634738947915,0.6050142836788411,0.6400179754210018,0.6632676532670165,0.6171180287233173,0.7669215204564781,0.6292874574820344,0.6413337184077162,0.6981049439021249,0.7186194092007809,0.6128406593121688,0.6149123454519254,0.478940204067674,0.4919960997987808,0.2924229891781677,0.6980723540080629,0.6685716151349765,0.7084826110197424,0.6981676544145092,0.7164699675517074,0.6376116831004165,0.7451798270823279,0.7270728664430196,0.7479683139337235,0.7305680985426479,0.744720703576521,0.7161759507052395
0.0,0.5472614569131358,0.5635114630176291,0.7010679954021608,0.4746660675449116,0.5742108687103974,0.4623418815153419,0.6503934312181732,0.1451207542427355,0.4410039761218134,0.6510073844674229,0.3101795562213168,0.2866892303311844,0.8038449824038718,0.8238105925090332,0.7849609051934838,0.7191119050598227,0.6778020515444007,0.8143654442519528,0.7748037943762827,0.512564041011766,0.6778197194215168,0.7952419347019837,0.8046299569723319,0.7805590218714605,0.7496776893905729,0.6020338937383739,0.4668021582536427,0.3498954445786759,0.7061375251387456,0.4130702044969198,0.48980391299843573,0.5808540681518759,0.6944688959588374,0.7070722452539513,0.8109208020424781,0.7408858670651123,0.7811236304672692,0.7928564113508652
0.2490634583008979,0.7282798178077671,0.7122345423521386,0.6091350547460996,0.5415715816302171,0.7238244505275298,0.6678495175001564,0.6435321458004764,0.5880359596826458,0.3900657031168372,0.5937740698730708,0.4923995909618126,0.5416255573603742,0.7155892584159086,0.7141144047472101,0.6922979644350438,0.6448057730272723,0.7527737019165495,0.6945911827703334,0.6940516074649664,0.7116215920446527,0.7455845984930592,0.710780200322122,0.7217097293421713,0.6355256157430546,0.6149294642283902,0.4906237282841857,0.6077630233015027,0.6004584798723903,0.7331696155165913,0.5441550853373422,0.6633047650731172,0.6538762561785761,0.7372645676169175,0.7796051438856286,0.7860805118273757,0.7576033013197787,0.7870418528427546,0.779606874611305
0.6608779079301683,0.7812324971733038,0.7779281752876747,0.7736465626836816,0.6299359107125033,0.6932850013643611,0.6917327603489669,0.7438440768699024,0.5523138409850133,0.4042728043891632,0.6597587373245338,0.5761436161218606,0.6548819042835122,0.7158214195510282,0.737864050450712,0.7315810951570532,0.6537574561001416,0.7704599864339132,0.7297402086630855,0.7055834383277118,0.6668256188729206,0.7544453377777771,0.7236875141460086,0.7194635748116314,0.6317942017937563,0.6172436474896796,0.4997902190751596,0.6363046881675412,0.6312938998404114,0.7214286778413191,0.7157695001717992,0.6939622121754991,0.6917373701011081,0.7477070959506357,0.7683450104567394,0.7652622413533985,0.7512606945512676,0.7618632433923158,0.7817798511432846
0.7056388242089514,0.5819113122623587,0.5966233991007523,0.7245821280663577,0.6931254808019061,0.6697770193428332,0.7341262331935988,0.6881905561496671,0.705065233181711,0.4230735549035963,0.5809282518508817,0.507189195332441,0.7010436538453431,0.5549137969240252,0.5309954384510156,0.5823911835856641,0.5263972608340927,0.7245054517330611,0.4867284875060062,0.6009867267866451,0.6540002599410161,0.684826758935264,0.5502678218817333,0.5501166673552127,0.4392611351870097,0.4252578122760553,0.3544412471863572,0.6471360253435854,0.6624944282153882,0.5568892323988814,0.69977216199164,0.6755956537520176,0.6613176356951149,0.7234791463607871,0.692230733525164,0.6748170754816594,0.709611125751729,0.6707311147230212,0.6748264789664565
